mmsi,vessel_type
0,NOT_FOUND
529485,NOT_FOUND
1117056,NOT_FOUND
5250012,NOT_FOUND
5330050,NOT_FOUND
5330521,NOT_FOUND
5631100,NOT_FOUND
5631101,NOT_FOUND
5631102,NOT_FOUND
5631103,NOT_FOUND
5631104,NOT_FOUND
5631105,NOT_FOUND
5631106,NOT_FOUND
5631107,NOT_FOUND
5631108,NOT_FOUND
5631112,NOT_FOUND
5631114,NOT_FOUND
5631116,NOT_FOUND
5631126,NOT_FOUND
5631128,NOT_FOUND
5631133,NOT_FOUND
5631139,NOT_FOUND
9134046,NOT_FOUND
111111111,NOT_FOUND
123456789,NOT_FOUND
135439681,NOT_FOUND
205051000,Cargo
205083000,Cargo
205224000,Cargo
205228000,Tanker
205235000,Cargo
205239000,Cargo D
205278000,Cargo
205298000,Trailing Suction Hopper Dredger
205331000,Other Type
205353000,Cargo
205401000,Cargo
205422000,Cargo
205522000,Tanker
205560000,Cargo
205569000,Bulk Carrier
205657000,Crude Oil Tanker
205670000,Crude Oil Tanker
205706000,Tanker D
205744000,Trailing Suction Hopper Dredger
205783000,Bulk Carrier
205789000,Cargo
205881910,Sailing
209004000,Cargo
209012000,Bulk Carrier
209034000,Bulk Carrier
209058000,Bulk Carrier
209064000,Cargo
209111000,Cargo
209112000,Cargo
209157000,Work Vessel
209171000,Bulk Carrier
209243000,Bulk Carrier
209251000,Container Ship
209270000,Bulk Carrier
209279000,Bulk Carrier
209287000,Cargo
209363000,Bulk Carrier
209370000,Container Ship
209384000,Bulk Carrier
209388000,Cargo
209390000,Cargo
209423000,Container Ship
209443000,Bulk Carrier
209451000,General Cargo
209469000,Trailing Suction Hopper Dredger
209485000,Bulk Carrier
209527000,Trailing Suction Hopper Dredger
209538000,Cargo
209566000,Cargo
209592000,General Cargo
209594000,General Cargo
209596000,Bulk Carrier
209605000,Cargo
209607000,Cargo
209615000,Container Ship
209631000,Vehicles Carrier
209652000,Cargo
209669000,Cargo
209682000,Cargo
209687000,Cargo
209690000,Cargo
209691000,Cargo
209692000,Cargo
209694000,Cargo
209722000,Bulk Carrier
209723000,Bulk Carrier
209744000,Bulk Carrier
209754000,Bulk Carrier
209756000,Bulk Carrier
209761000,Bulk Carrier
209765000,Bulk Carrier
209782000,Bulk Carrier
209784000,Cargo
209785000,Bulk Carrier
209795000,Container Ship
209831000,Cargo
209838000,Tanker
209851000,Cable Layer
209879000,Bulk Carrier
209893000,Cargo
209927000,Bulk Carrier
209961000,Cargo
209964000,Cargo
209979000,Container Ship
210025000,Cargo
210040000,General Cargo
210043000,Bulk Carrier
210054000,Cargo
210069000,Bulk Carrier
210083000,Bulk Carrier
210085000,Cargo
210091000,Cargo
210110000,Oil/Chemical Tanker
210136000,Cargo
210138000,Trailing Suction Hopper Dredger
210142000,Container Ship
210154000,Container Ship
210213000,Dredging or underwater ops
210214000,Cargo
210226000,Bulk Carrier
210238000,Bulk Carrier
210241000,Crude Oil Tanker
210245000,Trailing Suction Hopper Dredger
210257000,Bulk Carrier
210271000,Cargo
210325000,Tanker
210335000,Bulk Carrier
210337000,Cargo
210363000,Bulk Carrier
210364000,Bulk Carrier
210390000,Crude Oil Tanker
210392000,Crude Oil Tanker
210396000,Cargo
210403000,Cargo
210415000,General Cargo
210418000,General Cargo
210427000,Bulk Carrier
210430000,Cargo
210439000,Bulk Carrier
210455000,Cargo
210461000,General Cargo
210469000,Bulk Carrier
210471000,Cargo
210472000,Cargo
210497000,Cargo
210576000,Cargo
210581000,Bulk Carrier
210589000,Cargo
210601000,Container Ship
210606000,Tanker
210610000,Container Ship
210614000,Cargo
210635000,Bulk Carrier
210649000,Container Ship
210663000,Container Ship
210671000,Container Ship
210679000,Cargo
210725000,Bulk Carrier
210815000,General Cargo
210824000,Container Ship
210828000,Cargo
210843000,General Cargo
210850000,Bulk Carrier
210872000,Bulk Carrier
210875000,Bulk Carrier
210909000,Tanker
210911000,Bulk Carrier
210921000,Trailing Suction Hopper Dredger
210930000,Cargo
210933000,Cargo
210934000,Cargo
210944000,Bulk Carrier
210945000,Tanker
210990000,Cargo
210998000,General Cargo
211108000,Cargo A
211108330,Cargo A
211109210,Cargo
211115140,Cargo A
211119000,Cargo A
211120000,Cargo
211123000,Cargo A
211124000,Cargo D
211130180,Cargo A
211151710,Cargo A
211422510,Oil Products Tanker
211549000,Container Ship
211779000,Container Ship
211839000,Container Ship
211882920,Cargo A
211882930,Cargo A
211886500,Cargo A
211886810,Cargo A
211887090,Cargo B
211888820,Cargo A
211895580,Cargo A
211897760,Not available
212011000,Cargo A
212026000,Bulk Carrier
212031000,General Cargo
212054000,Bulk Carrier
212089000,Bulk Carrier
212090000,Bulk Carrier
212091000,Bulk Carrier
212131000,Bulk Carrier
212167000,Bulk Carrier
212180000,Bulk Carrier
212210000,Cargo
212242000,Cargo
212250000,Cargo
212283000,Cargo
212314000,General Cargo
212321000,Bulk Carrier
212334000,Container Ship
212347000,Container Ship
212348000,Container Ship
212350000,Container Ship
212351000,Container Ship
212352000,Container Ship
212353000,Container Ship
212363000,Cargo
212384000,Bulk Carrier
212398000,Bulk Carrier
212419000,Container Ship
212429000,Bulk Carrier
212430000,Container Ship
212433000,Cargo
212451000,Bulk Carrier
212452000,Cargo
212533000,Cargo
212539000,Cargo
212546000,Bulk Carrier
212554000,Container Ship
212574000,Bulk Carrier
212578000,Bulk Carrier
212583000,Cargo
212589000,Cargo
212602000,Container Ship
212640000,Trailing Suction Hopper Dredger
212642000,Container Ship
212672000,Not available
212672004,NOT_FOUND
212677000,Bulk Carrier
212684000,Bulk Carrier
212705000,Cargo
212712000,Bulk Carrier
212714000,Container Ship
212715000,Cargo
212745000,Bulk Carrier
212759000,Bulk Carrier
212760000,Bulk Carrier
212763000,Bulk Carrier
212775000,Bulk Carrier
212776000,Bulk Carrier
212780000,Container Ship
212793000,Bulk Carrier
212803000,Container Ship
212807000,Cargo
212824000,Crude Oil Tanker
212841000,Cargo
212891000,Tanker
212921000,Bulk Carrier
212930000,Cargo
212939000,General Cargo
212951000,Bulk Carrier
212954000,Cargo
212962000,Cargo
215038000,Cargo
215041000,Bulk Carrier
215049000,Crude Oil Tanker
215080000,Bulk Carrier
215089000,Oil Products Tanker
215125000,Cargo A
215126000,Cargo A
215131000,Container Ship
215137000,Cargo A
215141000,Container Ship
215148000,Container Ship
215150000,Bulk Carrier
215154000,Container Ship
215158000,Container Ship
215167000,Container Ship
215169000,Bulk Carrier
215173000,Cargo A
215181000,Cargo A
215192000,Container Ship
215195000,Cargo A
215197000,Cargo
215199000,Cargo A
215207000,Cargo A
215215000,Container Ship
215219000,Container Ship
215221000,Cargo A
215222000,Cargo
215225000,Container Ship
215250000,Bulk Carrier
215251000,Cargo B
215281000,Tanker
215293000,Container Ship
215331000,Cargo
215337000,Tug
215346000,Cargo D
215347000,Cargo
215350000,Cargo
215352000,Cargo
215381000,Container Ship
215401000,Crude Oil Tanker
215453000,Bulk Carrier
215458000,Cargo
215459000,Cargo
215461000,Crude Oil Tanker
215465000,Cargo
215485000,Container Ship
215486000,Tanker
215489000,Cargo
215497000,Crude Oil Tanker
215499000,Cargo A
215507000,Bulk Carrier
215509000,Tanker
215510000,Tanker
215534000,Tanker D
215558000,Container Ship
215560000,Container Ship
215577000,Container Ship
215578000,Tanker
215618000,Crude Oil Tanker
215626000,Bulk Carrier
215658000,Bulk Carrier
215668000,Tanker
215669000,Tanker
215676000,Bulk Carrier
215677000,Bulk Carrier
215678000,Bulk Carrier
215679000,Bulk Carrier
215684000,Tanker
215706000,Bulk Carrier
215722000,Tanker
215726000,Tanker
215737000,Bulk Carrier
215743000,Oil Products Tanker
215744000,Tanker
215748000,Cargo
215762000,Not available
215777000,Crude Oil Tanker
215793000,Bulk Carrier
215805000,Bulk Carrier
215832000,Pleasure Craft
215839000,Cargo
215845000,Tanker
215849000,Cargo
215850000,Bulk Carrier
215857000,Cargo A
215860000,Tanker
215873000,Bulk Carrier
215876000,Vehicles Carrier
215879000,Container Ship
215880000,Container Ship
215889000,Tanker
215890000,Tanker D
215930000,Container Ship
215939000,Tanker
215965000,Container Ship
215966000,Cargo
215971000,Tanker
215988000,Tanker
215992000,Container Ship
218000250,Cargo A
218006290,Cargo A
218008040,Cargo A
218026640,Cargo
218038370,Cargo A
218108000,General Cargo
218400000,Container Ship
218426000,Container Ship
218441000,Container Ship
218566000,Container Ship
218643000,Container Ship
218791000,Container Ship
218819000,Container Ship
218845000,Container Ship
219014000,Oil/Chemical Tanker
219018271,Container Ship
219018501,Container Ship
219018692,Container Ship
219018765,Container Ship
219018864,Container Ship
219018986,Container Ship
219019002,Offshore Construction Jack Up
219019094,Container Ship
219019139,Container Ship
219019365,Container Ship
219021000,Cargo A
219021350,Oil Products Tanker
219025316,Tanker
219027000,Container Ship
219027758,Cargo A
219027760,Cargo D
219028422,Oil/Chemical Tanker
219029080,Tanker
219029326,Tanker
219029411,Tanker
219029621,Tanker
219030432,Bulk Carrier
219030706,Tanker
219030726,Tanker
219031000,Container Ship
219033914,Cargo
219034000,Cargo A
219034492,Cargo
219034887,Other Type
219034888,High speed craft
219034889,High speed craft
219034890,High speed craft
219034952,Tanker
219034956,Cargo
219035031,Dredging or underwater ops
219036000,Cargo A
219038000,Cargo A
219039000,Cargo A
219045000,Cargo A
219061000,Lng Tanker
219075000,Container Ship
219095000,Container Ship
219096000,Container Ship
219100000,Container Ship
219102000,Container Ship
219130000,Container Ship
219155000,Container Ship
219179000,Tanker
219180000,Tanker
219192000,Tanker
219198000,Container Ship
219199000,Container Ship
219210000,Container Ship
219212000,Tanker C
219214000,Tanker
219227000,Other Type
219249000,Oil/Chemical Tanker
219253000,Oil/Chemical Tanker
219256000,Oil/Chemical Tanker
219270000,Tanker
219278000,Tanker A
219280000,Tanker
219295000,Tanker
219302000,Tanker
219314000,Tanker
219351000,Tanker
219382000,Tanker
219383000,Tanker
219393000,Tanker
219394000,Tanker A
219406000,Tanker
219409000,Tanker
219412000,Oil/Chemical Tanker
219414000,Oil/Chemical Tanker
219415000,Oil/Chemical Tanker
219420000,Oil/Chemical Tanker
219445000,Oil/Chemical Tanker
219452000,Oil/Chemical Tanker
219454000,Oil/Chemical Tanker
219466000,Oil/Chemical Tanker
219486000,Tanker
219487000,Oil/Chemical Tanker
219490000,Oil Products Tanker
219495000,Oil Products Tanker
219496000,Oil/Chemical Tanker
219497000,Oil/Chemical Tanker
219498000,Crude Oil Tanker
219502000,Crude Oil Tanker
219506000,Container Ship
219515000,Container Ship
219542000,Container Ship
219561000,Cargo D
219578000,Container Ship
219581000,Cargo A
219609000,Cargo A
219610000,Cargo
219614000,Cargo A
219620000,Cargo A
219629000,Cargo A
219630000,Cargo A
219631000,Cargo A
219632000,Cargo A
219638000,Tanker
219640000,Tanker
219641000,Tanker
219642000,Tanker
219643000,Tanker
219646000,Cargo A
219654000,Tanker
219672000,Tanker
219691000,Cargo
219692000,Cargo A
219700000,Cargo A
219708000,Cargo
219710000,Cargo
219718000,Cargo A
219720000,Cargo A
219726000,Cargo A
219728000,Cargo
219734000,Cargo A
219739000,Cargo
219835000,Cargo A
219836000,Cargo A
219854000,Cargo D
219861000,Cargo A
219863000,Cargo
219864000,Cargo A
219871144,NOT_FOUND
220000001,Cargo A
220010000,Cargo A
220061000,Container Ship
220477000,Container Ship
220602000,Oil Products Tanker
220603000,Oil/Chemical Tanker
220634000,Oil/Chemical Tanker
224436000,Lng Tanker
224482000,Not available
225372000,Lng Tanker
225420000,Lng Tanker
226291000,Cable Layer
228018600,Cable Layer
228091700,Tanker
228385600,Tanker C
228386700,Cargo D
228386800,Cargo A
228394600,Cargo
228394900,Cargo A
228397600,Cargo A
228397700,Cargo A
228399900,Tanker
228402900,Cargo A
228409800,Cargo A
228410700,Cargo A
228410800,Cargo A
228420900,Tanker D
228423700,Tanker
228444800,Tanker
228451800,Tanker
228451900,Tanker D
228456600,Crude Oil Tanker
228458700,Crude Oil Tanker
228458900,Tanker
228459700,Cargo A
228459800,Cargo A
228459900,Cargo A
228460900,Tanker
228463600,Tanker D
228463700,Tanker
228463800,Tanker D
228465700,Tanker
228469600,Cargo B
228469700,Cargo A
228475600,Tanker
228477600,Cargo A
228478900,Cargo A
228479700,Cargo B
228479900,Cargo
228485600,Tanker
228492700,Cargo
229041000,Bulk Carrier
229069000,Crude Oil Tanker
229073000,Tanker D
229075000,Container Ship
229082000,Tanker
229094000,Crude Oil Tanker
229125000,Bulk Carrier
229126000,Bulk Carrier
229129000,Lng Tanker
229130000,Lng Tanker
229132000,Crude Oil Tanker
229146000,Bulk Carrier
229166000,Bulk Carrier
229177000,Cargo
229178000,Bulk Carrier
229189000,Crude Oil Tanker
229190000,Container Ship
229201000,Bulk Carrier
229212000,Cargo
229213000,Bulk Carrier
229218000,Bulk Carrier
229238000,Tanker
229243000,Cargo
229263000,Container Ship
229269000,Cargo
229270000,Cargo A
229285000,Cargo
229305000,Cargo
229321000,Cargo D
229326000,Cargo C
229331000,Container Ship
229334000,Cargo A
229342000,Bulk Carrier
229358000,Container Ship
229376000,Cargo
229382000,Bulk Carrier
229387000,Cargo
229389000,Cargo A
229393000,Cargo
229394000,Cargo D
229410000,Bulk Carrier
229427000,Tanker
229439000,Bulk Carrier
229452000,Container Ship
229454000,Cargo A
229457000,Container Ship
229458000,Container Ship
229471000,Tanker A
229474000,Cargo A
229478000,Cargo
229489000,Container Ship
229541000,Container Ship
229553000,Lng Tanker
229580000,Oil/Chemical Tanker
229581000,Tanker
229592000,Cargo
229597000,Tanker
229602000,Bulk Carrier
229603000,Cargo
229618000,Crude Oil Tanker
229620000,Container Ship
229622000,Container Ship
229623000,Cargo
229625000,Container Ship
229639000,Container Ship
229647000,Bulk Carrier
229649000,Cargo A
229657000,Container Ship
229665000,Container Ship
229667000,Bulk Carrier
229677000,Bulk Carrier
229685000,Cargo A
229711000,Cargo
229712000,Bulk Carrier
229715000,Tanker
229716000,Tanker
229717000,Tanker
229726000,Cargo A
229736000,Container Ship
229738000,Tanker
229744000,Cargo A
229750000,Container Ship
229752000,Cargo A
229756000,Container Ship
229773000,Tanker
229778000,Cargo
229779000,Cargo
229787000,Cargo
229788000,Cargo
229796000,Tanker C
229820000,Container Ship
229872000,Bulk Carrier
229876000,Bulk Carrier
229910000,Cargo
229916000,Container Ship
229921000,Container Ship
229934000,Cargo A
229945000,Container Ship
229947000,Cargo A
229960000,Cargo
229961000,Cargo
229989000,Cargo A
231865000,Diving Support Vessel
231912000,Other Type
231917000,Tanker
232002833,Military ops
232004359,General Cargo
232006295,Tanker
232006296,Tanker
232006297,Tanker
232006298,Tanker
232006300,Tanker
232006301,Tanker
232006324,Bulk Carrier
232006421,Cargo
232006581,Cargo
232007361,Cargo
232007939,Tanker
232010294,Tanker B
232011742,Cargo
232011743,Cargo
232012398,Cargo
232012567,Bulk Carrier
232012585,Bulk Carrier
232012788,Tanker
232014452,Bulk Carrier
232016910,Cargo
232017152,Cargo
232017938,Bulk Carrier
232018379,Cargo
232018900,Cargo
232018901,Cargo
232018919,Cargo D
232019341,Oil Products Tanker
232019873,Tanker
232022455,Sailing
232024253,Cargo
232024256,Cargo
232024277,Cargo
232024771,Cargo
232024772,Cargo A
232024773,Cargo A
232025072,Bulk Carrier
232026667,Oil/Chemical Tanker
232026709,Oil Products Tanker
232027081,Tanker
232027403,Cargo
232027637,Bulk Carrier
232027948,Bulk Carrier
232030743,Cargo A
232031320,Cargo A
232031864,Tanker
232035614,Bulk Carrier
232038123,Bulk Carrier
232038703,Cargo
232038978,Tanker
232043367,Cargo D
232043368,Cargo A
232043372,Cargo A
232044965,Cargo
232045225,Cargo
232046342,Sailing
232046381,Cargo
232046382,Cargo
232046705,Bulk Carrier
232047535,Cargo
232049063,Cargo
232051420,Cargo
232051421,Cargo
232051435,Pleasure Craft
232053193,Cargo
232053195,Cargo
232053200,Cargo
232055266,Sailing
232056132,Cargo
232057898,Cargo
232058331,Offshore Supply Ship
232059413,Other Type
232060223,Ore Carrier
232061727,Tug
232062807,Anchor Handling Vessel
232063029,Offshore Supply Ship
234763000,Military ops
235010450,Container Ship
235050012,Bulk Carrier
235050802,Container Ship
235060303,Crude Oil Tanker
235068051,Container Ship
235074612,Cargo
235074621,Bulk Carrier
235076272,Crude Oil Tanker
235076275,Crude Oil Tanker
235076276,Crude Oil Tanker
235077605,Chemical Tanker
235082002,Sailing
235082896,Container Ship
235084298,Container Ship
235085368,Oil/Chemical Tanker
235087791,Yacht
235089901,Ore Carrier
235090341,Cargo
235091363,Ore Carrier
235091564,Sailing
235092455,Ore Carrier
235093619,Container Ship
235094793,Ore Carrier
235101105,Bulk Carrier
235102349,General Cargo
235102677,Container Ship
235102678,Cargo D
235102681,Cargo D
235106302,Tanker
235108514,Tanker
235108525,Tanker
235108527,Tanker
235108697,Tanker A
235109357,Military ops
235110737,Cargo D
235111639,Tanker
235112622,Cargo
235112623,Cargo
235112806,Tanker
235113768,Tanker
235113773,Tanker
235113778,Cargo
235114195,Bulk Carrier
235115081,Tanker
235115082,Tanker
235115734,Cargo
235115994,Cargo
235118002,Military ops
235118625,Ore Carrier
235335000,Container Ship
235479000,Container Ship
235554000,Container Ship
236112603,Cargo
236741000,Cargo
236755000,Cargo
236756000,Cargo
236757000,Cargo
238061000,Bulk Carrier
238179000,Bulk Carrier
238249000,Bulk Carrier
238251000,Bulk Carrier
238263000,Bulk Carrier
238296000,Oil/Chemical Tanker
240311000,Bulk Carrier
240386000,Lng Tanker
240486000,Lng Tanker
240585000,Bulk Carrier
240615000,Lng Tanker
240639000,Lng Tanker
240658000,Crude Oil Tanker
240755000,Crude Oil Tanker
240760000,Bulk Carrier
240837000,Crude Oil Tanker
240878000,Crude Oil Tanker
240927000,Bulk Carrier
240950000,Bulk Carrier
240963000,Bulk Carrier
240979000,Bulk Carrier
240988000,Bulk Carrier
240989000,Bulk Carrier
241048000,Bulk Carrier
241054000,Bulk Carrier
241058000,Bulk Carrier
241069000,Bulk Carrier
241073000,Bulk Carrier
241075000,Bulk Carrier
241079000,Crude Oil Tanker
241089000,Crude Oil Tanker
241096000,Bulk Carrier
241106000,Bulk Carrier
241118000,Bulk Carrier
241150000,Bulk Carrier
241160000,Bulk Carrier
241163000,Bulk Carrier
241166000,Bulk Carrier
241195000,Bulk Carrier
241196000,Bulk Carrier
241198000,Cargo
241203000,Tanker
241209000,Bulk Carrier
241211000,Bulk Carrier
241222000,Bulk Carrier
241237000,Cargo
241254000,Tanker
241255000,Tanker
241256000,Bulk Carrier
241275000,Lng Tanker
241290000,Lng Tanker
241291000,Tanker
241293000,Tanker
241299000,Cargo
241311000,Container Ship
241312000,Container Ship
241313000,Container Ship
241317000,Cargo
241325000,Crude Oil Tanker
241330000,Crude Oil Tanker
241334000,Cargo
241337000,Cargo
241340000,Crude Oil Tanker
241351000,Tanker
241352000,Tanker
241365000,Tanker
241367000,Crude Oil Tanker
241375000,Cargo
241376000,Cargo
241380000,Crude Oil Tanker
241388000,Tanker A
241389000,Tanker
241390000,Crude Oil Tanker
241393000,Tanker
241406000,Crude Oil Tanker
241408000,Crude Oil Tanker
241409000,Tanker
241411000,Crude Oil Tanker
241412000,Ore/Oil Carrier
241415000,Tanker
241422000,Tanker
241425000,Tanker
241427000,Cargo
241428000,Cargo
241429000,Cargo
241432000,Cargo
241436000,Tanker
241438000,Tanker
241439000,Tanker
241440000,Tanker
241452000,Tanker
241453000,Tanker
241463000,Tanker
241465000,Tanker
241467000,Tanker
241478000,Tanker
241486000,Tanker
241510000,Tanker
241517000,Tanker
241519000,Tanker
241520000,Tanker
241522000,Oil/Chemical Tanker
241570000,Tanker
241614000,Tanker
241622000,Tanker
241623000,Tanker
241625000,Cargo
241626000,Cargo
241632000,Tanker B
241633000,Tanker
241636000,Tanker D
241638000,Tanker
241640000,Cargo
241641000,Cargo
241644000,Tanker
241653000,Crude Oil Tanker
241673000,Tanker
241680000,Cargo
241682000,Cargo
241688000,Cargo
241689000,Tanker
241700000,Tanker
241703000,Not available
241705000,Tanker
241709000,Cargo
241712000,Tanker
241714000,Tanker
241720000,Tanker
241721000,Bulk Carrier
241723000,Crude Oil Tanker
241724000,Crude Oil Tanker
241725000,Tanker
241729000,Cargo
241734000,Tanker
241740000,Tanker
241742000,Tanker
241748000,Tanker
241763000,Tanker
241785000,Tanker
241786000,Tanker
241796000,Tanker
241801000,Tanker
241809000,Tanker
241815000,Tanker
241819000,Tanker
241822000,Tanker
241826000,Tanker
241827000,Tanker
241834000,Cargo
241836000,Tanker
241837000,Cargo
241840000,Tanker
241854000,Tanker
241868000,Cargo
241879000,Tanker
241891000,Tanker
241898000,Tanker
241902000,Cargo
241905000,Crude Oil Tanker
241907000,Tanker
241930000,Tanker
241934000,Cargo
241940000,Tanker
241941000,Bulk Carrier
241947000,Cargo
241949000,Tanker
241952000,Tanker
241959000,Tanker
241960000,Tanker
241962000,Tanker
241969000,Tanker
244030593,Ro-Ro Cargo
244060802,Cargo
244110414,Tanker A
244117000,General Cargo
244121000,General Cargo
244128000,Passenger
244130525,Cargo
244149000,General Cargo
244150827,Tug
244311000,Tug
244436000,Cargo
244620571,Cargo
244726000,General Cargo
244750814,Cargo
244810054,Heavy Load Carrier
244820968,Other Type
244830431,Cargo
244830814,Cargo
244850097,Cargo
244890021,Cargo
244918000,General Cargo
245021000,Heavy Load Carrier
245285000,Cargo
245732000,Heavy Lift Vessel
246460000,Cargo
246467000,Heavy Load Carrier
246472000,Trailing Suction Hopper Dredger
246481000,Heavy Load Carrier
246592000,General Cargo
246619000,General Cargo
246660000,General Cargo
246662000,General Cargo
246715000,Cargo
246766000,General Cargo
246768000,General Cargo
246799000,Cargo
246863000,Bulk Carrier
247009600,Container Ship
247012800,Container Ship
247012900,Container Ship
247275900,Crude Oil Tanker
247276600,Bulk Carrier
247287100,Bulk Carrier
247302100,Ore Carrier
247303100,Bulk Carrier
247342300,Cargo
247376300,Cargo
247376400,Cargo
247379500,Other Type
247405800,Cargo
247408300,Cargo
247409200,Cargo
247416200,Cargo
247416300,Cargo
247416400,Cargo
247416600,Cargo
247417100,Cargo
247437600,Cargo D
247437900,Cargo D
247440400,Cargo
247441100,Cargo
247441300,Cargo
247451500,Cargo
247451800,Cargo
247451900,Cargo
247529200,Passenger
248013000,Container Ship
248048000,Bulk Carrier
248052000,Container Ship
248087000,Bulk Carrier
248092000,Bulk Carrier
248108000,---
248109000,Tanker
248110000,Bulk Carrier
248122000,Bulk Carrier
248123000,Tanker
248134000,Bulk Carrier
248140000,Cargo A
248148000,Crude Oil Tanker
248150000,Bulk Carrier
248172000,Cargo
248184000,Bulk Carrier
248208000,Cargo
248225000,Vehicles Carrier
248238000,Cargo
248251000,Bulk Carrier
248292000,Tanker
248312000,Heavy Lift Vessel
248314000,Heavy Lift Vessel
248315000,Tanker C
248330000,Tanker
248347000,Tanker
248416000,Oil Products Tanker
248426000,Cargo A
248430000,Container Ship
248431000,Container Ship
248432000,Container Ship
248455000,Container Ship
248534000,Cargo
248546000,Cargo
248547000,Tanker A
248563000,Bulk Carrier
248565000,Bulk Carrier
248596000,Other Type
248605000,Bulk Carrier
248633000,Cargo A
248643000,Tanker
248665000,Bulk Carrier
248680000,Cargo
248703000,Cargo A
248711000,Container Ship
248716000,Oil Products Tanker
248724000,Bulk Carrier
248741000,Cargo
248756000,Container Ship
248758000,Cargo A
248779000,Bulk Carrier
248794000,Cargo A
248828000,Bulk Carrier
248851000,Tanker
248869000,Crude Oil Tanker
248889000,Lpg/Chemical Tanker
248906000,Ro-Ro/Passenger Ship
248910000,Vehicles Carrier
248917000,Vehicles Carrier
248923000,Vehicles Carrier
248924000,Vehicles Carrier
248943000,Cargo
248950000,Bulk Carrier
248959000,Tanker
248963000,Tanker
248966000,Cargo
248999000,Bulk Carrier
249004000,Cargo
249009000,Tanker A
249011000,Cargo
249016000,Tanker
249021000,Container Ship
249025000,Bulk Carrier
249030000,Cargo A
249031000,Bulk Carrier
249033000,Other Type
249034000,Cargo
249040000,Container Ship
249055000,Passengers Ship
249061000,Anchor Handling Vessel
249064000,Tug
249067000,Anchor Handling Vessel
249076000,Cargo
249082000,Cargo A
249090000,Bulk Carrier
249092000,Crude Oil Tanker
249095000,Crude Oil Tanker
249097000,Tanker
249098000,Tanker A
249113000,Oil/Chemical Tanker
249121000,Cargo
249133000,Cargo A
249143000,Cargo
249159000,Bulk Carrier
249160000,Bulk Carrier
249161000,Passenger
249162000,Tanker
249167000,Cargo A
249168000,Cargo
249169000,Cargo
249174000,Container Ship
249179000,Bulk Carrier
249182000,Tanker
249185000,Bulk Carrier
249190000,Cargo
249191000,Cargo
249204000,Cargo
249210000,Cargo A
249214000,Cargo
249218000,Container Ship
249235000,Bulk Carrier
249237000,Cargo B
249241000,Cargo
249242000,Bulk Carrier
249252000,Cargo
249253000,Container Ship
249254000,Cargo
249261000,Cargo
249271000,Bulk Carrier
249272000,Tanker
249291000,Cargo
249296000,Cargo
249304000,Cargo
249309000,Bulk Carrier
249316000,Container Ship
249319000,General Cargo
249321000,Cargo
249322000,Cargo
249324000,Cargo C
249330000,Oil/Chemical Tanker
249341000,Bulk Carrier
249346000,Container Ship
249356000,Crude Oil Tanker
249364000,Heavy Lift Vessel
249369000,Cargo A
249371000,Cargo A
249376000,Bulk Carrier
249379000,Oil/Chemical Tanker
249385000,Cargo
249390000,Cargo
249396000,Bulk Carrier
249409000,Passengers Ship
249418000,Cargo
249431000,Cargo
249456000,Oil/Chemical Tanker
249458000,Cargo
249470000,Cargo
249472000,Cargo
249476000,Cargo
249500000,Lpg Tanker
249513000,Container Ship
249515000,Cargo A
249519000,Lpg Tanker
249525000,Tanker
249533000,Cargo A
249534000,Tanker
249565000,Cargo
249571000,Lpg Tanker
249575000,Crude Oil Tanker
249585000,Cargo A
249618000,General Cargo
249620000,Bulk Carrier
249622000,Cargo D
249623000,Cargo
249634000,Cargo
249647000,Cargo
249654000,Other Type
249660000,Passenger
249661000,Container Ship
249662000,Container Ship
249687000,Bulk Carrier
249690000,Crude Oil Tanker
249726000,Cargo
249740000,Bulk Carrier
249741000,Container Ship
249757000,Vehicles Carrier
249758000,Vehicles Carrier
249762000,Reserved for future use
249769000,Other Type
249773000,Cargo
249782000,Cargo B
249819000,Container Ship
249820000,Tanker
249828000,Tanker
249836000,Tanker
249838000,Crude Oil Tanker
249872000,Tanker
249879000,Tanker
249882000,Tanker
249884000,Tanker
249888000,Container Ship
249889000,Tanker
249941000,Tanker
249946000,Bulk Carrier
249947000,Bulk Carrier
249949000,Bulk Carrier
249984000,Tanker
253000028,Cargo
253000059,Cargo
253000147,Other Type
253035000,Motor Hopper
253234000,Trailing Suction Hopper Dredger
253246000,Cargo
253446000,Other Type
253651000,Livestock Carrier
253825000,General Cargo
255617000,Cargo
255626000,Lpg Tanker
255750000,General Cargo
255790000,Container Ship
255792000,Container Ship
255793000,Container Ship
255796000,Container Ship
255797000,Container Ship
255801360,Cargo
255802280,Cargo
255802650,Bulk Carrier
255803260,Container Ship
255803280,General Cargo
255803450,Container Ship
255803670,Container Ship
255803680,Container Ship
255803760,Container Ship
255804350,Container Ship
255805260,Cargo A
255805270,Cargo A
255805551,Container Ship
255805572,Container Ship
255805573,Cargo
255805575,Container Ship
255805588,Container Ship
255805590,Container Ship
255805619,Cargo
255805657,Container Ship
255805672,Cargo
255805676,Container Ship
255805681,Cargo
255805689,Cargo
255805703,Container Ship
255805760,Tanker
255805776,Container Ship
255805778,Container Ship
255805780,Container Ship
255805821,Cargo
255805859,Cargo A
255805860,Cargo
255805867,Cargo
255805868,Cargo A
255805872,Cargo
255805874,Cargo
255805891,Cargo D
255805927,Tanker
255805928,Tanker
255805929,Cargo A
255805930,Cargo A
255805935,Cargo
255805936,Cargo
255805979,Cargo A
255805987,Container Ship
255806005,Container Ship
255806027,Cargo D
255806028,Cargo
255806029,Cargo A
255806031,Cargo A
255806049,Cargo
255806072,Container Ship
255806095,Container Ship
255806096,Cargo
255806100,Container Ship
255806101,Container Ship
255806105,Container Ship
255806114,Container Ship
255806115,Cargo A
255806127,Container Ship
255806147,Crude Oil Tanker
255806183,Cargo
255806184,Cargo
255806185,Cargo
255806186,Cargo
255806187,Cargo
255806188,Other Type
255806189,Cargo
255806208,Passengers Ship
255806233,Container Ship
255806254,Cargo
255806255,Container Ship
255806302,Cargo
255806307,Cargo
255806338,Cargo A
255806339,Cargo D
255806351,Cargo
255806357,Cargo
255806367,Container Ship
255806368,Cargo
255806376,Container Ship
255806434,Container Ship
255806448,Container Ship
255806449,Container Ship
255806459,Container Ship
255806467,Cargo
255806487,Cargo
255806489,Cargo
255806490,Cargo
255806491,Cargo D
255806492,Cargo A
255806493,Cargo A
255806494,Cargo B
255806495,Cargo A
255806498,Cargo A
255806499,Cargo
255806500,Cargo A
255806501,Cargo
255806502,Cargo
255806506,Cargo
255806512,Oil/Chemical Tanker
255806521,Cargo
255900000,Tanker
255900127,Tanker
255915565,Other Type
255915566,Cargo
255915592,Cargo B
255915615,General Cargo
255915616,Container Ship
255915617,Container Ship
255915618,Container Ship
255915619,Container Ship
255915624,Container Ship
255915636,Container Ship
255915639,Cargo
255915640,Cargo
255915641,Container Ship
255915647,Container Ship
255915657,Cargo A
255915659,Container Ship
255915672,Cargo
255915678,Container Ship
255915679,Cargo
255915680,Reserved for future use
255915689,Container Ship
255915694,Container Ship
255915695,Cargo D
255915713,Cargo
255915727,Cargo
255915729,Cargo C
255915732,Cargo
255915733,Cargo
255915734,Cargo
255915737,Bulk Carrier
255915741,Tanker
255915742,Tanker
255915746,Bulk Carrier
255915752,Cargo
255915766,Cargo
255915768,Cargo
255915782,Bulk Carrier
255915786,Container Ship
255915789,Container Ship
255915804,Bulk Carrier
255915817,Cargo D
255915826,Cargo
255915833,Cargo
255915837,Cargo A
255915860,Bulk Carrier
255915871,Tanker
255915873,Cargo
255915886,Cargo
255915889,Bulk Carrier
255915899,Tanker
255915902,Bulk Carrier
255915911,Cargo
255915912,Cargo
255915925,Crude Oil Tanker
255915927,Cargo
255915939,Bulk Carrier
255915942,Cargo
255915944,Cargo
255915947,Lpg Tanker
255915950,Bulk Carrier
255915962,Container Ship
255915963,Cargo
255915975,Cargo
255915976,Cargo
255916055,Cargo
255916057,Container Ship
255916082,Cargo
255916087,Tanker
255916090,Container Ship
255916094,Container Ship
255916095,Container Ship
255916103,Oil/Chemical Tanker
255916109,Tanker
255916113,Cargo
255916259,Cargo
255916272,Tanker
255916297,Cargo
255916302,Cargo
255916308,Crude Oil Tanker
255916315,Tanker
255916493,Cargo
255916533,Cargo
255962000,General Cargo
256002055,Sailing
256028000,Cargo
256029000,Tanker
256033000,Cargo D
256039000,Tanker
256062000,Cargo A
256071000,Container Ship
256075000,Container Ship
256082000,Tanker
256099000,Cargo
256106000,Cargo
256108000,Cargo
256142000,Cargo C
256150000,Container Ship
256163000,Cargo A
256169000,Cargo A
256205000,Tanker
256213000,Cargo
256214000,Container Ship
256223000,Tanker
256226000,Tanker
256238000,Cargo
256245000,Tanker D
256267000,Cargo
256276000,Lng Tanker
256287000,Tanker
256292000,Container Ship
256298000,Tanker
256300000,Container Ship
256308000,Bulk Carrier
256310000,Tanker
256311000,Container Ship
256313000,Cargo
256347000,Bulk Carrier
256349000,Tanker
256377000,Crude Oil Tanker
256427000,Cargo
256443000,Cargo A
256446000,Tanker
256451000,Cargo
256454000,Cargo
256459000,Bulk Carrier
256465000,Tanker
256468000,Tanker
256512000,Tanker D
256522000,Crude Oil Tanker
256524000,Cargo
256542000,Cargo
256557000,Cargo
256559000,Container Ship
256561000,Bulk Carrier
256568000,Crude Oil Tanker
256570000,Container Ship
256571000,Cargo
256590000,Container Ship
256591000,Cargo
256598000,Cargo A
256604000,Container Ship
256611000,Cargo
256612000,Cargo A
256613000,Bulk Carrier
256615000,Cargo A
256627000,Tanker
256628000,Bulk Carrier
256636000,Cargo A
256637000,Cargo D
256642000,Cargo
256644000,Cargo A
256647000,Tanker
256657000,Cargo
256658000,Cargo A
256663000,Cargo
256671000,Cargo
256680000,Cargo
256683000,Bulk Carrier
256700000,Cargo
256702000,Crude Oil Tanker
256707000,Cargo
256709000,Cargo
256710000,Cargo
256727000,Crude Oil Tanker
256730000,Container Ship
256734000,Tanker
256743000,Bulk Carrier
256755000,Tanker
256769000,Tanker
256772000,Bulk Carrier
256792000,Cargo
256807000,Cargo A
256808000,Cargo D
256820000,Cargo
256824000,Container Ship
256829000,Bulk Carrier
256835000,Cargo
256845000,Cargo A
256854000,Cargo
256861000,Cargo
256862000,Oil/Chemical Tanker
256869000,Tanker
256880000,Tanker
256888000,Container Ship
256906000,Crude Oil Tanker
256910000,Cargo A
256919000,Cargo
256930000,Cargo
256932000,Container Ship
256938000,Container Ship
256940000,Container Ship
256942000,Lpg Tanker
256944000,Bulk Carrier
256948000,Cargo
256950000,Cargo B
256951000,Cargo B
256968000,Cargo A
256981000,Cargo D
256989000,Tanker D
256995000,Container Ship
257022000,Research/Survey Vessel
257032850,Shuttle Tanker
257033170,Oil/Chemical Tanker
257034130,Passenger
257034490,Oil/Chemical Tanker
257038470,Multi Purpose Offshore Vessel
257038580,Other Type
257084660,Crude Oil Tanker
257087000,Tanker
257088990,Cargo
257091890,General Cargo
257112270,Tanker B
257145000,Chemical Tanker
257242000,Vehicles Carrier
257244000,Tanker
257246000,Tanker
257248000,Vehicles Carrier
257268000,Vehicles Carrier
257277000,Bulk Carrier
257288000,Tanker
257325000,Bulk Carrier
257329000,General Cargo
257351000,Crude Oil Tanker
257357000,Oil Products Tanker
257359000,Tanker C
257366000,Vehicles Carrier
257368000,Vehicles Carrier
257376000,Oil/Chemical Tanker
257394000,Bulk Carrier
257405000,Oil/Chemical Tanker
257407000,Cargo
257408000,Vehicles Carrier
257447000,Tanker
257450000,Tanker
257456000,Oil/Chemical Tanker
257501000,Tanker B
257507000,Multi Purpose Offshore Vessel
257515000,General Cargo
257516000,General Cargo
257523000,Cargo
257530000,General Cargo
257532000,General Cargo
257533000,Vehicles Carrier
257534000,General Cargo
257535000,General Cargo
257536000,General Cargo
257548000,General Cargo
257552000,Passenger
257556000,Bulk Carrier
257570000,Oil/Chemical Tanker
257595000,Tanker A
257709000,Other Type
257711000,Cargo
257712000,Vehicles Carrier
257713000,Vehicles Carrier
257724000,Oil/Chemical Tanker
257739000,Lng Tanker
257763000,Cargo
257790000,Cargo
257801000,Bulk Carrier
257831000,Cargo
257854000,Bulk Carrier
257864000,Cargo
257876000,Oil/Chemical Tanker
257916000,Cargo
257928000,Tanker
257964000,Bulk Carrier
257965000,Cargo
257972000,Cargo
258011000,General Cargo
258014000,General Cargo
258021000,Other Type
258028000,Oil/Chemical Tanker
258030000,Cargo
258050000,Tanker
258058000,Research/Survey Vessel
258071000,Cargo
258075000,Cargo
258105000,Oil/Chemical Tanker
258106000,Vehicles Carrier
258135000,Offshore Supply Ship
258151000,Cargo
258192000,Cargo
258251000,Cargo
258288000,Cargo
258389000,Cargo
258628000,Cargo
258633000,Heavy Lift Vessel
258724000,Oil/Chemical Tanker
258733000,Tanker
258737000,Other Type
258741000,Tanker
258758000,Vehicles Carrier
258774000,Vehicles Carrier
258775000,Cargo
258804000,Tanker
258868000,Bulk Carrier
258910000,Oil/Chemical Tanker
258975000,Vehicles Carrier
258981000,Vehicles Carrier
259003000,Offshore Supply Ship
259023000,Vehicles Carrier
259038250,Cargo
259075000,Cargo
259083000,Tanker
259093000,Bulk Carrier
259105000,Tanker
259116000,Other Type
259147000,Tanker
259156000,Tanker
259157000,Cargo
259165000,Cargo
259238000,Tanker A
259248000,Other Type
259287000,Other Type
259545000,Bulk Carrier
259701000,Bulk Carrier
259733000,Heavy Lift Vessel
259741000,Bulk Carrier
259753000,Heavy Lift Vessel
259801000,Anchor Handling Vessel
259848000,Heavy Lift Vessel
259941000,Anchor Handling Vessel
262006000,Bulk Carrier
265062000,Tanker A
265076170,Crude Oil Tanker
265076590,Vehicles Carrier
265078080,Crude Oil Tanker
265528530,Sailing
265827240,Cargo
265884000,Vehicles Carrier
266282000,Vehicles Carrier
266283000,Vehicles Carrier
266339000,Vehicles Carrier
268235902,Bulk Carrier
268238201,Bulk Carrier
268240202,Container Ship
268240302,Container Ship
268243502,Tanker
268245201,Crude Oil Tanker
268246102,Crude Oil Tanker
268248300,Bulk Carrier
268251204,Oil/Chemical Tanker
268251304,Crude Oil Tanker
268257903,Lpg Tanker
269023000,Bulk Carrier
269066000,Cargo
269085000,Cargo
269095000,Cargo
271000773,Crude Oil Tanker
271040311,Bulk Carrier
271042638,Bulk Carrier
271042805,Bulk Carrier
271045135,Tanker
271045342,Bulk Carrier
271045353,Tanker
271050213,Bulk Carrier
273219650,Other Type
273250630,Crude Oil Tanker
273250830,Crude Oil Tanker
273250930,Crude Oil Tanker
273257030,Oil Products Tanker
273258030,Crude Oil Tanker
273258810,Crude Oil Tanker
273259530,Crude Oil Tanker
273262840,Lng Tanker
273265340,Tanker
273271320,Crude Oil Tanker
273279530,Tanker
273439810,Fish Carrier
273612270,Cargo
276016810,Pleasure Craft
276573000,Sailing
303530000,Vehicles Carrier
303584000,Container Ship
303945000,Other Type
304010228,General Cargo
304017000,Container Ship
304050864,Lpg Tanker
304053000,General Cargo
304067000,Tanker
304081008,General Cargo
304081024,General Cargo
304200000,General Cargo
304218000,Oil/Chemical Tanker
304288000,General Cargo
304439000,General Cargo
304513000,General Cargo
304519000,Cargo
304523000,Cargo
304596000,General Cargo
304679000,General Cargo
304719000,Oil/Chemical Tanker
304857000,Oil Products Tanker
304883000,Cargo
304918000,General Cargo
304946000,Anchor Handling Vessel
305002000,Container Ship
305003400,Container Ship
305005400,General Cargo
305007400,Container Ship
305062000,Heavy Load Carrier
305065000,General Cargo
305081000,Cargo
305093000,Cargo
305097000,Cargo
305113000,General Cargo
305141000,General Cargo
305145000,---
305158000,Cargo
305159000,General Cargo
305164000,General Cargo
305187000,General Cargo
305240000,General Cargo
305335000,Cargo
305346000,Container Ship
305361000,General Cargo
305369000,Tanker
305392000,General Cargo
305404000,General Cargo
305462000,General Cargo
305485000,Oil/Chemical Tanker
305496000,Oil/Chemical Tanker
305500000,Cargo A
305510000,Container Ship
305517000,Container Ship
305523000,Cargo
305529000,General Cargo
305533000,General Cargo
305537000,General Cargo
305538000,Container Ship
305543000,Cargo
305546000,General Cargo
305558000,Cargo
305567000,Cargo A
305568000,Cargo A
305627000,Cargo
305682000,General Cargo
305697000,Lpg Tanker
305700000,General Cargo
305710000,Bulk Carrier
305716000,Cargo
305717000,General Cargo
305738000,General Cargo
305740000,General Cargo
305772000,Cargo
305786000,Cargo
305792000,General Cargo
305806000,Cargo
305853000,General Cargo
305854000,General Cargo
305856000,General Cargo
305859000,General Cargo
305907000,Bulk Carrier
305933000,General Cargo
305977000,Cargo A
306193000,Crude Oil Tanker
306199000,Crude Oil Tanker
306241000,Bulk Carrier
306254000,Crude Oil Tanker
306267000,Crude Oil Tanker
306268000,Crude Oil Tanker
306269000,Crude Oil Tanker
306337000,Reefer
306338000,Reefer
306404000,Crude Oil Tanker
306433000,Crude Oil Tanker
306531000,Crude Oil Tanker
306663000,Crude Oil Tanker
306679000,Oil Products Tanker
306695000,Crude Oil Tanker
306699000,Crude Oil Tanker
306707000,Crude Oil Tanker
306709000,Crude Oil Tanker
306710000,Crude Oil Tanker
306733000,Crude Oil Tanker
306884000,Crude Oil Tanker
306988000,Bulk Carrier
307010000,Chemical Tanker
307030000,Oil Products Tanker
307031000,Crude Oil Tanker
307058000,Container Ship
307060000,Crude Oil Tanker
307072000,Oil Products Tanker
307076000,Container Ship
307079000,Container Ship
307081000,Container Ship
307086000,Lpg Tanker
307087000,Lpg Tanker
307131000,Oil Products Tanker
307210000,Oil/Chemical Tanker
307233000,Oil Products Tanker
308171000,Lng Tanker
308248000,Lng Tanker
308521000,General Cargo
308599000,Vehicles Carrier
308921000,Vehicles Carrier
309037000,Asphalt/Bitumen Tanker
309046000,Container Ship
309072000,Crude Oil Tanker
309108000,Vehicles Carrier
309116000,Bulk Carrier
309201000,Lng Tanker
309255000,Lng Tanker
309296000,Tanker
309333000,Lng Tanker
309368000,Crude Oil Tanker
309369000,Vehicles Carrier
309599000,Lng Tanker
309616000,Bulk Carrier
309781000,Lng Tanker
309839000,Lng Tanker
309891000,Crude Oil Tanker
309901000,Container Ship
309904000,Lng Tanker
309905000,Vehicles Carrier
309955000,Vehicles Carrier
310447000,Lng Tanker
310482000,Lng Tanker
310499000,Lng Tanker
310500000,Passengers Ship
310510000,Lng Tanker
310529000,Passengers Ship
310543000,Lng Tanker
310551000,Lng Tanker
310584000,Lng Tanker
310644000,Tanker A
310652000,Lng Tanker
310657000,Lng Tanker
310664000,Lng Tanker
310699000,Tanker B
310719000,Tanker D
310721000,Tanker D
310731000,Tanker A
310774000,Tanker D
310800000,Tanker D
310806000,Tanker D
310812000,Passenger
310816000,Tanker
310843000,Bulk Carrier
310847000,Cargo
310850000,Tanker D
310866000,Passengers Ship
311000083,General Cargo
311000092,Cargo
311000104,Vehicles Carrier
311000114,General Cargo
311000125,Cargo
311000130,Cargo
311000131,Cargo
311000135,Lng Tanker
311000138,Crude Oil Tanker
311000151,Bulk Carrier
311000182,Lng Tanker
311000183,Tanker D
311000185,Tanker A
311000195,Bulk Carrier
311000203,Cargo
311000206,Bulk Carrier
311000221,Crude Oil Tanker
311000222,Crude Oil Tanker
311000224,Crude Oil Tanker
311000225,Crude Oil Tanker
311000227,Tanker
311000235,Cargo
311000252,Tanker
311000255,Tanker
311000259,Cargo
311000269,Cargo
311000304,Cargo
311000319,Passenger
311000337,Crude Oil Tanker
311000338,Crude Oil Tanker
311000344,Tanker
311000346,Tanker
311000361,Cargo
311000373,Tanker
311000374,Tanker
311000376,Cargo
311000378,Tanker
311000388,Tanker
311000389,Tanker
311000390,Tanker
311000391,Tanker
311000392,Tanker
311000397,Passenger
311000398,Bulk Carrier
311000429,Cargo
311000430,General Cargo
311000439,Tanker
311000441,Cargo
311000442,Cargo
311000444,Crude Oil Tanker
311000448,Crude Oil Tanker
311000460,Oil Products Tanker
311000462,Cargo
311000466,Oil Products Tanker
311000468,Bulk Carrier
311000472,Not available
311000485,Cargo
311000493,Oil/Chemical Tanker
311000507,Bulk Carrier
311000519,Bulk Carrier
311000552,Cargo
311000565,Cargo
311000567,Cargo
311000583,Tanker A
311000591,Diving ops
311000621,Cargo
311000624,Bulk Carrier
311000630,Bulk Carrier
311000663,Cargo
311000665,Tanker D
311000666,Tanker D
311000676,Tanker
311000686,Tanker
311000713,Cargo
311000716,Cargo
311000719,Passenger
311000731,Cargo
311000733,Cargo
311000734,Cargo
311000759,Cargo
311000774,Diving Support Vessel
311000802,Cargo
311000803,Tanker
311000824,Cargo
311000845,Tanker A
311000846,Tanker D
311000847,Cargo
311000859,Cargo
311000894,Cargo
311000909,Cargo
311000915,Tanker
311000921,Container Ship
311000922,Container Ship
311000923,Container Ship
311000924,Bulk Carrier
311000926,Bulk Carrier
311000951,Passenger
311000967,Tug
311000991,Cargo
311000999,Bulk Carrier
311001016,Cargo
311001038,Bulk Carrier
311001040,Other Type
311001042,Cargo
311001046,Tanker
311001064,Bulk Carrier
311001072,Tanker
311001079,Tanker
311001088,Bulk Carrier
311001097,Offshore Supply Ship
311001100,Crude Oil Tanker
311001111,Tanker
311001140,Bulk Carrier
311001156,Cargo
311001157,Tanker
311001158,Bulk Carrier
311001163,Cargo
311001172,Bulk Carrier
311001176,Crude Oil Tanker
311001189,Passenger
311001190,Tanker
311001214,Bulk Carrier
311001215,Cargo
311001216,Cargo
311001218,Container Ship
311001225,Ro-Ro/Passenger Ship
311001233,Cargo
311001237,Other Type
311001242,Oil Products Tanker
311001246,Cargo
311001248,General Cargo
311001274,Cargo
311001292,Cargo
311001304,Cargo
311001329,Cargo B
311001335,General Cargo
311001353,Cargo
311001401,Pleasure Craft
311001425,Bulk Carrier
311001436,Cargo
311001527,Oil/Chemical Tanker
311001541,Tanker
311001547,Cargo
311001553,Cargo
311001554,Cargo
311001557,Bulk Carrier
311001593,Reefer
311001598,Cargo
311001602,General Cargo
311001604,General Cargo
311001608,Cargo
311001615,Cargo
311001619,General Cargo
311001622,General Cargo
311001627,General Cargo
311001628,General Cargo
311001645,Cargo
311001666,Passengers Ship
311001687,Tanker
311001701,Crude Oil Tanker
311001702,Crude Oil Tanker
311001712,General Cargo
311001724,Oil/Chemical Tanker
311001742,Reefer
311001745,Cargo
311001756,Crude Oil Tanker
311001775,Tug
311002500,Bulk Carrier
311002600,Bulk Carrier
311003200,Vehicles Carrier
311003300,Vehicles Carrier
311003900,Vehicles Carrier
311004900,Vehicles Carrier
311008700,Cargo
311013300,Oil/Chemical Tanker
311013600,Vehicles Carrier
311017100,Oil/Chemical Tanker
311018800,General Cargo
311019400,Crude Oil Tanker
311019600,Cargo
311021200,Other Type
311026700,Crude Oil Tanker
311029200,General Cargo
311037400,General Cargo
311038700,Lng Tanker
311039900,Crude Oil Tanker
311040600,Vehicles Carrier
311043200,Cargo
311043300,Cargo
311044000,Crude Oil Tanker
311044100,Container Ship
311044200,Container Ship
311052400,Anchor Handling Vessel
311053200,Bulk Carrier
311053700,Bulk Carrier
311054400,Vehicles Carrier
311054600,Bulk Carrier
311064200,Cargo
311064700,Bulk Carrier
311064800,Bulk Carrier
311066300,Crude Oil Tanker
311066400,Crude Oil Tanker
311070400,Bulk Carrier
311073700,Offshore Supply Ship
311075800,Tanker
311075900,Tanker
311128000,Bulk Carrier
311133000,Lng Tanker
311249000,Bulk Carrier
311468000,Lng Tanker
311476000,Oil Products Tanker
311595000,Vehicles Carrier
311605000,Lng Tanker
311695000,Vehicles Carrier
311912000,Bulk Carrier
311918000,Vehicles Carrier
312002000,Cargo
312050000,Crude Oil Tanker
312059000,Oil/Chemical Tanker
312088000,Bulk Carrier
312092000,Other Type
312099000,Bulk Carrier
312113000,Pleasure Craft
312153000,Oil Products Tanker
312203000,Cargo
312209000,Oil/Chemical Tanker
312250000,Cargo
312255000,Tanker
312272000,Tanker
312278000,Tug
312352000,Tanker
312437000,Bulk Carrier
312460000,Cargo
312463000,Oil Products Tanker
312468000,General Cargo
312533000,Tug
312534000,Cargo
312602000,Cargo
312608000,Cargo
312613000,Not available
312626000,Cargo
312653000,Cargo
312742000,Cargo
312761000,General Cargo
312843000,Tug
312871000,Cargo
312893000,General Cargo
312907000,Tug
312918000,Passenger
312950000,Cargo
312963000,Cargo
312987000,Tanker
314001023,Crude Oil Tanker
314001026,Oil Products Tanker
314001028,Oil/Chemical Tanker
314001039,Bulk Carrier
314001048,Crude Oil Tanker
314001064,Oil/Chemical Tanker
314001078,Oil/Chemical Tanker
314001079,Oil/Chemical Tanker
314001082,Oil/Chemical Tanker
314001096,Oil/Chemical Tanker
314001097,Oil/Chemical Tanker
314001105,Crude Oil Tanker
314001111,Crude Oil Tanker
314001114,Crude Oil Tanker
314001119,Bulk Carrier
314001120,Bulk Carrier
314001122,Oil Products Tanker
314001124,Lpg Tanker
314001129,Oil/Chemical Tanker
314001135,Cargo
314001142,Cargo
314033000,Cargo
314100000,Crude Oil Tanker
314105000,Crude Oil Tanker
314123000,Crude Oil Tanker
314263000,Bulk Carrier
314312000,Bulk Carrier
314427000,Cargo
314428000,Cargo
314480000,Cargo
314481000,Cargo
314482000,Cargo
314489000,Bulk Carrier
314508000,Cargo
314509000,Cargo
314523000,Cargo
314531000,Bulk Carrier
314571000,Bulk Carrier
314647000,Bulk Carrier
314692000,Cargo
314693000,Cargo
314695000,Cargo
314736000,Bulk Carrier
314777000,General Cargo
314849000,Crude Oil Tanker
314868000,Bulk Carrier
314870000,Bulk Carrier
314871000,Cargo
314876000,Bulk Carrier
314878000,Oil Products Tanker
314880000,General Cargo
314887000,Crude Oil Tanker
314896000,Bulk Carrier
314933000,Bulk Carrier
314936000,Bulk Carrier
314940000,Oil/Chemical Tanker
314995000,Oil/Chemical Tanker
319025300,Oil/Chemical Tanker
319070500,Crude Oil Tanker
319091700,Oil/Chemical Tanker
319091800,Tanker B
319098500,Crude Oil Tanker
319099500,Crude Oil Tanker
319113500,Tanker B
319120200,Tanker D
319130500,Cargo
319138500,Pleasure Craft
319151100,Tanker
319156500,Bulk Carrier
319198600,Pleasure Craft
319200700,Container Ship
319211600,Container Ship
319253400,Tanker
319266600,Pleasure Craft
319280300,Pleasure Craft
319287300,Tanker
319297200,Tanker
319301800,Tanker
319301900,Tanker
319366000,Bulk Carrier
319409000,Vehicles Carrier
319445000,Oil/Chemical Tanker
319446000,Oil/Chemical Tanker
319468000,Oil/Chemical Tanker
319479000,Oil/Chemical Tanker
319488000,Oil/Chemical Tanker
319498000,Oil/Chemical Tanker
319518000,Pleasure Craft
319600000,Wood Chips Carrier
319627000,Oil/Chemical Tanker
319653000,Bulk Carrier
319767000,Oil Products Tanker
319768000,Oil Products Tanker
325606000,Not available
338219000,Bulk Carrier
338431000,Oil Products Tanker
338446000,General Cargo
338566000,Container Ship
338973000,Military ops
339301130,Cargo
341047000,Not available
341063001,Container Ship
341102002,Bulk Carrier
341129002,Cargo
341130002,General Cargo
341139002,Bulk Carrier
341144002,Bulk Carrier
341187002,Bulk Carrier
341227001,Tanker
341249002,Lng Tanker
341254002,Bulk Carrier
341302002,Lng Tanker
341310002,Container Ship
341312001,Tanker
341332002,Lng Tanker
341334002,Lng Tanker
341336002,General Cargo
341346002,Cargo
341348002,Cargo
341349001,Container Ship
341361002,Oil/Chemical Tanker
341374002,Cement Carrier
341418002,Bulk Carrier
341444001,Oil/Chemical Tanker
341495001,Cargo
341600001,Container Ship
341640001,Noncombatant ship
341647001,Other Type
341708000,Cargo B
341712001,Not available
341790000,Oil/Chemical Tanker
341829000,Oil Products Tanker
341879000,Oil/Chemical Tanker
341987000,Not available
351026000,Vehicles Carrier
351031000,Bulk Carrier
351034000,Vehicles Carrier
351038000,Cargo D
351040000,Bulk Carrier
351049000,Bulk Carrier
351073000,Crude Oil Tanker
351079000,Bulk Carrier
351088000,Ro-Ro Cargo
351089000,Cargo
351090000,Cargo
351113000,Bulk Carrier
351124000,Vehicles Carrier
351148000,Not available
351151000,Other Type
351153000,Tanker
351168000,Crude Oil Tanker
351177000,Cargo
351178000,Cargo
351182000,General Cargo
351190000,Bulk Carrier
351214000,Oil/Chemical Tanker
351220000,Cargo
351221000,Tanker
351225000,Cargo
351234000,Cargo
351237000,Bulk Carrier
351238000,Tanker
351243000,Tanker
351249000,Container Ship
351265000,Cargo
351272000,Container Ship
351276000,Bulk Carrier
351314000,Oil/Chemical Tanker
351322000,Oil/Chemical Tanker
351327000,Bulk Carrier
351341000,Tanker
351343000,Oil/Chemical Tanker
351354000,Tanker D
351357000,Bulk Carrier
351361000,Container Ship
351366000,Oil/Chemical Tanker
351385000,Tanker B
351427000,Bulk Carrier
351436000,Bulk Carrier
351445000,Cargo
351446000,Vehicles Carrier
351458000,Chemical Tanker
351467000,Bulk Carrier
351473000,Container Ship
351496000,Container Ship
351517000,Oil/Chemical Tanker
351539000,Cargo
351546000,Cargo
351551000,Tanker
351563000,Container Ship
351566000,Container Ship
351569000,General Cargo
351578000,Tanker
351597000,Bulk Carrier
351604000,Cargo
351606000,General Cargo
351616000,Oil Products Tanker
351628000,Cargo
351646000,Bulk Carrier
351647000,Cargo
351649000,Bulk Carrier
351662000,Cargo
351673000,Bulk Carrier
351678000,Cargo D
351681000,General Cargo
351690000,Cargo
351714000,Cargo
351720000,Crude Oil Tanker
351721000,Oil/Chemical Tanker
351724000,Bulk Carrier
351729000,Cargo
351733000,Vehicles Carrier
351737000,Cargo
351744000,Bulk Carrier
351753000,Cargo D
351754000,Bulk Carrier
351767000,Lng Tanker
351773000,Cargo
351780000,Vehicles Carrier
351783000,General Cargo
351785000,Bulk Carrier
351794000,General Cargo
351800000,Cargo
351809000,Cargo
351840000,Oil/Chemical Tanker
351848000,Container Ship
351849000,Bulk Carrier
351862000,Cargo A
351867000,Bulk Carrier
351878000,Bulk Carrier
351879000,Bulk Carrier
351885000,Tanker
351888000,Bulk Carrier
351893000,Bulk Carrier
351907000,Cargo
351913000,Bulk Carrier
351915000,Tanker
351931000,Tanker
351934000,Container Ship
351949000,Other Type
351952000,General Cargo
351991000,Oil/Chemical Tanker
352001011,Cargo
352001013,Cargo
352001037,Cargo
352001056,Bulk Carrier
352001065,Bulk Carrier
352001068,Cargo
352001069,Crude Oil Tanker
352001077,Oil/Chemical Tanker
352001080,Bulk Carrier
352001081,Tanker B
352001097,Tanker A
352001123,Oil Products Tanker
352001126,Oil/Chemical Tanker
352001127,Crude Oil Tanker
352001128,Tanker
352001132,Tanker
352001142,Cargo
352001149,Bulk Carrier
352001153,Ore Carrier
352001155,Cargo
352001160,Cargo
352001162,Vehicles Carrier
352001167,Oil/Chemical Tanker
352001184,Cargo
352001185,Cargo
352001189,Cargo
352001192,Cargo
352001195,Bulk Carrier
352001196,General Cargo
352001216,Tanker
352001232,Crude Oil Tanker
352001234,Passenger
352001236,Oil/Chemical Tanker
352001238,Oil/Chemical Tanker
352001239,Cargo
352001248,General Cargo
352001254,Oil/Chemical Tanker
352001255,Oil/Chemical Tanker
352001259,Cargo D
352001261,Cargo
352001272,Tanker
352001278,Chemical Tanker
352001280,Oil/Chemical Tanker
352001285,Tanker
352001306,Cargo
352001313,Container Ship
352001317,Cargo
352001319,Tanker B
352001321,Cargo
352001324,Lpg Tanker
352001327,Cargo
352001328,Tanker
352001331,Oil/Chemical Tanker
352001333,Bulk Carrier
352001334,Tanker
352001340,Bulk Carrier
352001343,Cargo
352001346,Other Type
352001347,Bulk Carrier
352001349,Bulk Carrier
352001352,Bulk Carrier
352001353,Tanker B
352001358,Cargo
352001363,Cargo
352001365,Tanker
352001366,Not available
352001367,Container Ship
352001375,Bulk Carrier
352001380,Bulk Carrier
352001386,Cargo
352001406,Bulk Carrier
352001415,Tanker
352001434,Cargo
352001435,Cargo
352001445,Cargo
352001447,Tanker
352001448,Tanker
352001449,Bulk Carrier
352001456,Tanker
352001460,Cargo
352001473,Tanker D
352001479,General Cargo
352001481,Cargo
352001493,Bulk Carrier
352001496,Bulk Carrier
352001498,Bulk Carrier
352001518,Crude Oil Tanker
352001525,Cargo D
352001529,Oil/Chemical Tanker
352001532,Cargo
352001544,Bulk Carrier
352001546,Bulk Carrier
352001547,Bulk Carrier
352001571,Bulk Carrier
352001575,Bulk Carrier
352001581,Crude Oil Tanker
352001585,Cargo
352001587,Lpg Tanker
352001589,Bulk Carrier
352001593,Cargo
352001598,Cargo
352001617,Cargo
352001619,Bulk Carrier
352001627,Tanker
352001633,Tanker
352001654,Bulk Carrier
352001655,Cargo
352001670,Cargo
352001689,Cargo C
352001690,Cargo
352001705,Tanker
352001712,Bulk Carrier
352001713,Oil/Chemical Tanker
352001714,Tanker
352001724,Bulk Carrier
352001731,Cargo D
352001743,Cargo
352001747,Cargo D
352001750,Bulk Carrier
352001756,Cargo
352001757,Crude Oil Tanker
352001764,Tanker
352001779,Cargo
352001784,Cargo
352001791,Cargo
352001801,Bulk Carrier
352001802,Cargo
352001807,Bulk Carrier
352001811,Cargo
352001821,Cargo
352001823,Shuttle Tanker
352001831,Cargo
352001838,Tanker
352001841,Container Ship
352001849,Oil Products Tanker
352001856,Cargo
352001865,Bulk Carrier
352001881,Container Ship
352001886,Bulk Carrier
352001887,Crude Oil Tanker
352001888,Tanker
352001890,Bulk Carrier
352001907,Crude Oil Tanker
352001920,Vehicles Carrier
352001929,Crude Oil Tanker
352001939,Cargo
352001951,Cargo A
352001952,Tanker
352001954,Cargo
352001956,Cargo
352001964,Bulk Carrier
352001991,Lpg Tanker
352001998,Cargo
352002009,Crude Oil Tanker
352002011,Cargo
352002012,Lpg Tanker
352002013,Bulk Carrier
352002025,Tanker
352002026,Tanker
352002046,Bulk Carrier
352002048,Oil/Chemical Tanker
352002049,Cargo
352002051,Crude Oil Tanker
352002063,Crude Oil Tanker
352002066,Bulk Carrier
352002071,Cargo
352002083,Tanker
352002084,Bulk Carrier
352002095,Vehicles Carrier
352002109,Crude Oil Tanker
352002114,Bulk Carrier
352002121,Cargo
352002135,Cargo
352002136,Cargo
352002142,Cargo
352002147,Crude Oil Tanker
352002148,Cargo
352002154,Lpg Tanker
352002172,Bulk Carrier
352002184,Tanker
352002185,Cargo
352002187,Cargo
352002190,Tanker A
352002206,Bulk Carrier
352002222,Cargo
352002235,Cargo
352002245,Cargo
352002251,Oil Products Tanker
352002259,Crude Oil Tanker
352002273,Heavy Load Carrier
352002283,Cargo
352002294,Bulk Carrier
352002297,Tanker
352002299,Cargo
352002322,Bulk Carrier
352002331,Chemical Tanker
352002332,Tanker
352002343,Cargo
352002348,Crude Oil Tanker
352002350,Cargo D
352002367,Cargo
352002370,Crude Oil Tanker
352002382,Crude Oil Tanker
352002392,Crude Oil Tanker
352002395,Crude Oil Tanker
352002396,Cargo
352002405,Bulk Carrier
352002416,General Cargo
352002419,Cargo
352002421,Cargo
352002445,Cargo
352002447,Bulk Carrier
352002448,Cargo
352002452,Cargo
352002472,Cargo
352002473,Crude Oil Tanker
352002480,Crude Oil Tanker
352002485,Bulk Carrier
352002489,Cargo
352002490,Cargo
352002499,Container Ship
352002513,Bulk Carrier
352002514,Crude Oil Tanker
352002519,Bulk Carrier
352002521,Crude Oil Tanker
352002526,Cargo
352002528,Crude Oil Tanker
352002529,Cargo
352002531,Cargo
352002532,Cargo
352002533,Cargo
352002534,Container Ship
352002545,Cargo
352002546,Cargo
352002547,Cargo
352002552,Cargo
352002554,Cargo
352002561,Container Ship
352002575,Oil/Chemical Tanker
352002591,Oil/Chemical Tanker
352002597,Container Ship
352002600,Cargo
352002602,Lpg Tanker
352002603,Oil Products Tanker
352002606,Lpg Tanker
352002611,Bulk Carrier
352002612,Oil/Chemical Tanker
352002619,Cargo
352002622,Oil/Chemical Tanker
352002623,Bulk Carrier
352002628,Crude Oil Tanker
352002629,Tanker
352002637,Cargo
352002638,Bulk Carrier
352002640,Cargo
352002645,Container Ship
352002648,Container Ship
352002649,Container Ship
352002650,Container Ship
352002651,Oil/Chemical Tanker
352002653,Bulk Carrier
352002654,Bulk Carrier
352002665,Bulk Carrier
352002681,Bulk Carrier
352002689,Bulk Carrier
352002690,Cargo
352002691,Tanker D
352002694,Vehicles Carrier
352002709,Oil/Chemical Tanker
352002711,Lpg Tanker
352002718,Cargo
352002724,Bulk Carrier
352002745,Bulk Carrier
352002752,Bulk Carrier
352002754,Cargo
352002764,Tanker D
352002765,Bulk Carrier
352002796,Cargo
352002817,Oil/Chemical Tanker
352002825,Tanker D
352002839,Cargo
352002842,Tanker
352002843,Tanker
352002851,Oil Products Tanker
352002852,Bulk Carrier
352002853,Tanker
352002864,Cargo
352002865,Container Ship
352002866,Bulk Carrier
352002867,Cargo
352002871,Bulk Carrier
352002873,Cargo
352002879,Cargo
352002880,Container Ship
352002881,Vehicles Carrier
352002890,Cargo
352002891,Cargo
352002893,Bulk Carrier
352002916,Lpg Tanker
352002937,Tanker
352002938,Cargo
352002939,Oil/Chemical Tanker
352002947,Oil Products Tanker
352002949,Tanker
352002950,Bulk Carrier
352002951,Tanker
352002959,Bulk Carrier
352002960,Cargo
352002967,Oil/Chemical Tanker
352002971,Cargo
352002974,Lpg Tanker
352002986,Container Ship
352002989,Lpg Tanker
352002991,Lpg Tanker
352002992,Container Ship
352002997,Cargo
352003012,Bulk Carrier
352003016,Bulk Carrier
352003023,Bulk Carrier
352003026,Lpg Tanker
352003034,Oil/Chemical Tanker
352003035,Cargo
352003040,Crude Oil Tanker
352003043,Oil/Chemical Tanker
352003045,Cargo
352003048,Cargo
352003050,Container Ship
352003053,Oil/Chemical Tanker
352003054,Cargo
352003064,Oil Products Tanker
352003078,Bulk Carrier
352003083,Cargo
352003099,Container Ship
352003107,Cargo
352003109,Bulk Carrier
352003111,Cargo
352003112,Cargo
352003114,Cargo
352003132,Cargo
352003134,Bulk Carrier
352003141,Bulk Carrier
352003145,Oil Products Tanker
352003158,Heavy Load Carrier
352003159,Cargo
352003160,Cargo
352003163,Tanker
352003165,Cargo
352003176,Oil Products Tanker
352003178,Cargo A
352003181,Cargo
352003183,Bulk Carrier
352003198,Cargo
352003208,Cargo
352003212,Oil/Chemical Tanker
352003220,Bulk Carrier
352003237,Cargo
352003242,Oil/Chemical Tanker
352003259,Tanker
352003264,Bulk Carrier
352003265,Cargo
352003270,Cargo
352003271,Cargo
352003276,Bulk Carrier
352003279,Cargo
352003282,General Cargo
352003283,Bulk Carrier
352003285,Bulk Carrier
352003286,Bulk Carrier
352003295,Cargo A
352003302,Cargo
352003303,Crude Oil Tanker
352003304,Bulk Carrier
352003309,Tanker
352003310,Cargo
352003313,Cargo
352003316,Bulk Carrier
352003319,General Cargo
352003330,Tanker
352003333,Cargo
352003334,Oil/Chemical Tanker
352003338,Bulk Carrier
352003339,Tanker
352003340,Bulk Carrier
352003343,Oil/Chemical Tanker
352003346,Cargo
352003353,Cargo
352003358,Cargo
352003385,Cargo
352003387,Cargo
352003391,Cargo
352003393,Bulk Carrier
352003397,Cargo
352003400,Cargo
352003401,General Cargo
352003413,Chemical Tanker
352003421,Cargo
352003422,Bulk Carrier
352003423,Cargo
352003424,Cargo
352003425,Cargo
352003432,Bulk Carrier
352003436,Bulk Carrier
352003442,Bulk Carrier
352003445,Lpg Tanker
352003450,Bulk Carrier
352003451,Bulk Carrier
352003454,Cargo
352003465,Cargo
352003468,Cargo
352003472,Crude Oil Tanker
352003484,Cargo
352003488,Bulk Carrier
352003489,Tanker
352003492,Tanker
352003494,Bulk Carrier
352003495,Bulk Carrier
352003511,Cargo
352003512,Tanker
352003522,Cargo
352003527,Bulk Carrier
352003531,Cargo
352003536,Bulk Carrier
352003539,Bulk Carrier
352003540,Tanker
352003542,Cargo
352003552,Container Ship
352003553,Other Type
352003562,Lpg Tanker
352003563,Bulk Carrier
352003575,Cargo D
352003576,Tanker
352003580,Tanker
352003587,Cargo
352003590,Bulk Carrier
352003596,Cargo
352003608,Bulk Carrier
352003612,Tanker
352003617,Tanker
352003620,Crude Oil Tanker
352003627,Crude Oil Tanker
352003631,Crude Oil Tanker
352003635,Tanker
352003643,Bulk Carrier
352003658,Bulk Carrier
352003661,Bulk Carrier
352003684,Oil/Chemical Tanker
352003685,Cargo
352003691,Bulk Carrier
352003697,General Cargo
352003705,General Cargo
352003706,General Cargo
352003708,Cargo
352003713,Chemical Tanker
352003714,Bulk Carrier
352003726,Cargo
352003732,Tanker A
352003734,Tanker
352003739,Bulk Carrier
352003742,Bulk Carrier
352003755,Bulk Carrier
352003759,Cargo
352003760,Cargo
352003765,Cargo
352003766,Tanker
352003767,Cargo
352003776,General Cargo
352003777,Bulk Carrier
352003787,Bulk Carrier
352003789,Not available
352003794,Bulk Carrier
352003795,Cargo
352003799,Cargo
352003801,Cargo
352003811,Tanker
352003812,Cargo
352003815,Tanker
352003818,Cargo
352003823,Bulk Carrier
352003828,Bulk Carrier
352003830,Cargo A
352003838,Bulk Carrier
352003844,Cargo
352003850,Bulk Carrier
352003852,Bulk Carrier
352003854,Bulk Carrier
352003862,Bulk Carrier
352003863,Cargo
352003869,Cargo
352003871,Tanker
352003873,Cargo
352003882,Cargo
352003884,Cargo
352003888,Oil/Chemical Tanker
352003889,Cargo
352003893,Cargo A
352003896,Cargo
352003897,Cargo
352003902,Bulk Carrier
352003903,Cargo
352003904,Bulk Carrier
352003912,Lpg Tanker
352003913,Cargo
352003914,Bulk Carrier
352003918,Not available
352003927,Bulk Carrier
352003931,Bulk Carrier
352003932,Cargo
352003936,Bulk Carrier
352003949,Oil/Chemical Tanker
352003952,Cargo D
352003954,Bulk Carrier
352003958,Crude Oil Tanker
352003962,Cargo
352003965,Container Ship
352003977,Bulk Carrier
352003981,Crude Oil Tanker
352003982,Tanker
352003983,Cargo
352003984,Tanker
352003985,Cargo
352003986,Not available
352003987,Cargo
352003988,Cargo
352003993,Tanker
352003997,Cargo A
352004008,Cargo
352004010,Other Type
352004011,Cargo
352004012,Cargo
352004014,Bulk Carrier
352004025,Oil/Chemical Tanker
352004036,Cargo
352004046,Cargo
352004068,Bulk Carrier
352004070,Bulk Carrier
352004081,Oil/Chemical Tanker
352004089,Crude Oil Tanker
352004090,Tanker B
352004091,General Cargo
352004098,General Cargo
352004099,Cargo
352004105,Tanker B
352004121,Cargo
352004128,Crude Oil Tanker
352004130,Tanker
352004133,Bulk Carrier
352004134,Bulk Carrier
352004141,Cargo
352004146,Bulk Carrier
352004155,Tanker
352004157,Cargo
352004163,Cargo
352004165,Oil/Chemical Tanker
352004170,Other Type B
352004175,Cargo
352004183,Bulk Carrier
352004190,General Cargo
352004201,Cargo
352004202,Other Type
352004211,Cargo
352004212,Tanker
352004215,Oil/Chemical Tanker
352004218,Bulk Carrier
352004221,General Cargo
352004223,Bulk Carrier
352004227,Cargo
352004228,Cargo
352004229,Bulk Carrier
352004244,Cargo
352004253,Cargo
352004254,Cargo A
352004256,Container Ship
352004262,Cargo
352004264,Crude Oil Tanker
352004265,Cargo
352004267,Tanker
352004271,Cargo
352004276,Bulk Carrier
352004280,Cargo A
352004284,Cargo
352004287,Cargo
352004293,Bulk Carrier
352004297,Cargo
352004300,Bulk Carrier
352004301,Crude Oil Tanker
352004310,Lpg Tanker
352004311,Cargo
352004313,Cargo
352004318,Cargo
352004319,Cargo
352004320,Cargo
352004321,Cargo
352004327,Cargo
352004329,Cargo
352004340,Oil/Chemical Tanker
352004347,Bulk Carrier
352004351,Cargo
352004352,Cargo
352004354,Bulk Carrier
352004357,Tanker
352004359,Bulk Carrier
352004369,Cargo
352004380,Cargo
352004383,Cargo A
352004384,Cargo
352004394,Tanker
352004405,General Cargo
352004406,Lpg Tanker
352004408,Cargo
352004413,Oil/Chemical Tanker
352004415,Cargo
352004424,Bulk Carrier
352004436,Oil Products Tanker
352004439,General Cargo
352004443,Bulk Carrier
352004450,Cargo
352004454,Cargo
352004462,Cargo D
352004476,Cargo
352004480,Cargo
352004484,Crude Oil Tanker
352004491,Cargo
352004497,Cargo
352004502,Cargo
352004514,Cargo A
352004516,Cargo
352004527,Lpg Tanker
352004531,Cargo
352004532,Cargo
352004533,Oil Products Tanker
352004538,Container Ship
352004543,Cargo
352004552,Cargo
352004558,Oil Products Tanker
352004564,Cargo
352004572,Cargo A
352004573,Cargo
352004578,Container Ship
352004580,Bulk Carrier
352004591,Bulk Carrier
352004598,Cargo
352004600,Bulk Carrier
352004608,Cargo
352004613,Cargo
352004614,Cargo
352004622,Cargo
352004625,Not available
352004643,Bulk Carrier
352004655,Bulk Carrier
352004659,Cargo
352004660,Tanker
352004662,Oil/Chemical Tanker
352004670,Tanker
352004681,Bulk Carrier
352004686,Cargo
352004690,Cargo
352004693,Crude Oil Tanker
352004696,Cargo
352004697,Cargo
352004704,Cargo
352004707,Crude Oil Tanker
352004710,Bulk Carrier
352004711,Cargo
352004713,Cargo
352004718,Bulk Carrier
352004736,Bulk Carrier
352004737,Tanker
352004738,Bulk Carrier
352004740,Cargo
352004745,Cargo
352004750,Bulk Carrier
352004761,Cargo
352004765,Bulk Carrier
352004766,Tanker
352004771,Cargo
352004774,Cargo
352004777,General Cargo
352004778,General Cargo
352004780,Bulk Carrier
352004782,Cargo
352004783,Cargo
352004791,General Cargo
352004794,Cargo
352004801,Cargo
352004804,Cargo
352004807,Cargo
352004818,Cargo
352004824,Tanker
352004825,Cargo
352004832,Oil Products Tanker
352004846,Bulk Carrier
352004847,Cargo
352004849,Container Ship
352004859,Tanker
352004860,Not available
352004866,Container Ship
352004867,Bulk Carrier
352004869,Bulk Carrier
352004875,Bulk Carrier
352004891,Cargo
352004917,Cargo
352004923,Oil/Chemical Tanker
352004927,Cargo
352004940,Crude Oil Tanker
352004944,Cargo
352004952,Lpg Tanker
352004955,Bulk Carrier
352004959,Tanker
352004964,Cargo A
352004974,Cargo
352004977,Bulk Carrier
352004988,Cargo
352004990,Cargo
352004991,Crude Oil Tanker
352004997,Crude Oil Tanker
352004998,Bulk Carrier
352005001,Bulk Carrier
352005005,Tanker
352005008,Cargo
352005009,Cargo
352005010,Tanker
352005015,Lpg Tanker
352005016,Cargo
352005017,Tanker
352005033,Tanker
352005039,Bulk Carrier
352005040,Container Ship
352005041,Tanker
352005043,Bulk Carrier
352005045,Tanker
352005046,Oil/Chemical Tanker
352005054,Cargo
352005058,Cargo A
352005062,General Cargo
352005076,Oil/Chemical Tanker
352005078,Bulk Carrier
352005079,Crude Oil Tanker
352005104,Cargo
352005106,Oil Products Tanker
352005109,Bulk Carrier
352005113,Bulk Carrier
352005115,Pleasure Craft
352005127,Cargo
352005128,Tanker
352005129,Container Ship
352005141,Cargo
352005143,Bulk Carrier
352005144,Oil/Chemical Tanker
352005150,Bulk Carrier
352005157,Cargo
352005159,Tanker
352005166,Oil Products Tanker
352005174,Bulk Carrier
352005176,Bulk Carrier
352005184,Oil/Chemical Tanker
352005197,Bulk Carrier
352005199,Bulk Carrier
352005200,General Cargo
352005202,Crude Oil Tanker
352005205,Lpg Tanker
352005213,Cargo
352005216,Bulk Carrier
352005217,Crude Oil Tanker
352005224,Bulk Carrier
352005233,Bulk Carrier
352005238,Crude Oil Tanker
352005244,Bulk Carrier
352005249,Cargo
352005250,Cargo
352005255,Crude Oil Tanker
352005257,Cargo
352005263,Cargo
352005268,Cargo
352005274,Cargo
352005286,Cargo
352005291,Bulk Carrier
352005295,Bulk Carrier
352005296,Cargo
352005297,Cargo
352005299,Bulk Carrier
352005315,Oil/Chemical Tanker
352005319,Bulk Carrier
352005321,Tanker
352005322,Lpg Tanker
352005325,Oil/Chemical Tanker
352005331,Bulk Carrier
352005345,Cargo
352005350,Bulk Carrier
352005363,Cargo A
352005365,Oil Products Tanker
352005369,Cargo
352005376,Bulk Carrier
352005378,Cargo
352005388,Oil/Chemical Tanker
352005394,Pleasure Craft
352005396,Oil/Chemical Tanker
352005398,Cargo
352005401,Container Ship
352005405,Bulk Carrier
352005425,Crude Oil Tanker
352005437,Crude Oil Tanker
352005442,Cargo
352005467,Oil/Chemical Tanker
352005476,Cargo
352005479,Crude Oil Tanker
352005481,Cargo
352005486,Crude Oil Tanker
352005490,Cargo
352005492,Bulk Carrier
352005498,Bulk Carrier
352005499,Cargo
352005500,Container Ship
352005506,Cargo A
352005509,Cargo
352005512,Crude Oil Tanker
352005516,Bulk Carrier
352005523,Cargo
352005525,Cargo
352005526,Bulk Carrier
352005527,Other Type
352005533,Bulk Carrier
352005534,Crude Oil Tanker
352005542,Bulk Carrier
352005545,Crude Oil Tanker
352005546,Cargo
352005552,Bulk Carrier
352005562,Bulk Carrier
352005564,Bulk Carrier
352005566,Bulk Carrier
352005567,Oil/Chemical Tanker
352005568,Bulk Carrier
352005582,Tanker B
352005583,Cargo
352005584,Bulk Carrier
352005588,Bulk Carrier
352005590,Diving ops
352005593,Tanker
352005594,Bulk Carrier
352005601,Tanker
352005608,Bulk Carrier
352005614,Bulk Carrier
352005616,Tug
352005619,Cargo
352005620,General Cargo
352005621,Not available
352005622,Crude Oil Tanker
352005624,Cargo
352005625,Bulk Carrier
352005628,Container Ship
352005630,Oil/Chemical Tanker
352005634,Cargo
352005640,Lpg Tanker
352005642,Tanker
352005650,Cargo
352005651,Cargo
352005658,Tanker
352005660,Tanker
352005677,Cargo
352005678,Cargo B
352005680,Bulk Carrier
352005681,Bulk Carrier
352005682,Cargo
352005696,Cargo
352005699,Tanker
352005703,Tanker
352005705,Bulk Carrier
352005707,Bulk Carrier
352005709,Bulk Carrier
352005710,Cargo
352005712,Bulk Carrier
352005718,Bulk Carrier
352005720,Bulk Carrier
352005721,Tanker
352005725,Cargo
352005732,Cargo
352005734,Oil Products Tanker
352005739,Cargo A
352005740,Cargo
352005741,Cargo
352005744,Bulk Carrier
352005748,Tanker
352005752,Cargo
352005753,Bulk Carrier
352005758,Cargo
352005760,Bulk Carrier
352005768,Tanker
352005769,Crude Oil Tanker
352005771,Tanker
352005772,Cargo
352005774,Bulk Carrier
352005775,Tanker B
352005776,Cargo
352005800,Lpg Tanker
352005805,Cargo
352005810,Cargo
352005812,Cargo
352005814,Cargo
352005820,Bulk Carrier
352005821,Cargo
352005824,Bulk Carrier
352005831,Bulk Carrier
352005833,Tug
352005836,Tanker
352005841,Bulk Carrier
352005852,Crude Oil Tanker
352005855,Bulk Carrier
352005856,Bulk Carrier
352005859,Tanker
352005860,Cargo
352005861,Crude Oil Tanker
352005863,Crude Oil Tanker
352005867,Cargo
352005870,Cargo
352005871,Cargo
352005882,Oil/Chemical Tanker
352005889,General Cargo
352005890,High speed craft
352005891,Other Type
352005894,Cargo
352005897,Cargo
352005898,Oil/Chemical Tanker
352005907,Cargo
352005913,Cargo
352005920,Bulk Carrier
352005925,Tanker
352005928,General Cargo
352005931,Cargo
352005937,Bulk Carrier
352005939,Crude Oil Tanker
352005949,Oil/Chemical Tanker
352005951,Cargo A
352005956,Bulk Carrier
352005959,Cargo A
352005960,Cargo
352005962,Bulk Carrier
352005969,Cargo
352005976,Tanker
352005984,Bulk Carrier
352006014,Tanker
352006015,Bulk Carrier
352006018,Cargo
352006024,Cargo
352006025,Cargo
352006037,Cargo
352006043,Cargo
352006044,Vehicles Carrier
352006047,Tanker B
352006053,Bulk Carrier
352006062,Cargo
352006066,Ro-Ro/Passenger Ship
352006069,Tanker
352006073,Reserved for future use
352006076,Tanker
352006077,Tanker
352006081,Tanker
352006093,General Cargo
352006096,Cargo
352006099,Bulk Carrier
352006106,Other Type
352006112,Tanker
352006120,Cargo
352006129,Tanker
352006134,Cargo
352006139,Tanker
352006151,Other Type
352006153,Tanker
352006155,Cargo
352006159,Container Ship
352006181,Cargo
352006203,Bulk Carrier
352006213,Cargo
352006215,Lpg Tanker
352006224,Not available
352006246,Tanker
352006264,Cargo
352006266,Tanker D
352006277,Oil Products Tanker
352006283,Bulk Carrier
352006303,Tanker
352027000,Bulk Carrier
352044000,Vehicles Carrier
352055000,Cargo
352059000,Bulk Carrier
352065000,Bulk Carrier
352070000,Container Ship
352071000,Bulk Carrier
352072000,Bulk Carrier
352094000,Bulk Carrier
352111000,Cargo
352123000,Bulk Carrier
352123456,Not available
352133000,Cargo
352135000,Container Ship
352149000,Cargo A
352157000,Container Ship
352166000,Cargo
352179000,Crude Oil Tanker
352192000,Cargo
352212000,Cargo
352218000,Cargo
352231000,Cargo
352247000,Reefer
352255000,Tanker
352269000,Cargo A
352275000,Tanker
352285000,Oil/Chemical Tanker
352286000,Cargo
352321000,Oil Products Tanker
352327000,Cargo
352358000,Container Ship
352359000,Cargo
352361000,Container Ship
352377000,Bulk Carrier
352382000,Container Ship
352385000,Container Ship
352390000,Bulk Carrier
352396000,Bulk Carrier
352402000,Crude Oil Tanker
352409000,Cargo
352411000,Cargo
352425000,Bulk Carrier
352453000,Bulk Carrier
352467000,Wood Chips Carrier
352469000,Cargo
352479000,Bulk Carrier
352480000,Oil/Chemical Tanker
352497000,Bulk Carrier
352500000,General Cargo
352503000,Oil/Chemical Tanker
352505000,Bulk Carrier
352506000,Vehicles Carrier
352517000,Vehicles Carrier
352519000,Bulk Carrier
352523000,Cargo
352526000,General Cargo
352529000,Oil/Chemical Tanker
352544000,Container Ship
352559000,Bulk Carrier
352565000,Oil/Chemical Tanker
352573000,Bulk Carrier
352582000,Bulk Carrier
352589000,Cargo
352596000,Tanker
352597000,Cargo
352619000,Container Ship
352630000,Bulk Carrier
352632000,General Cargo
352634000,Bulk Carrier
352644000,Bulk Carrier
352650000,Bulk Carrier
352652000,Bulk Carrier
352654000,General Cargo
352657000,Bulk Carrier
352659000,General Cargo
352676000,Cargo
352687000,Container Ship
352688000,Reserved for future use
352695000,Bulk Carrier
352718000,Vehicles Carrier
352721000,General Cargo
352730000,Tanker A
352732000,Vehicles Carrier
352737000,Cargo
352745000,Container Ship
352753000,General Cargo
352757000,Cargo A
352765000,Bulk Carrier
352773000,General Cargo
352775000,Cargo
352776000,Bulk Carrier
352787000,Cargo
352793000,Bulk Carrier
352800000,Bulk Carrier
352807000,Bulk Carrier
352808000,Vehicles Carrier
352816000,Tanker
352822000,Container Ship
352823000,General Cargo
352824000,Vehicles Carrier
352828000,General Cargo
352830000,Container Ship
352834000,Cargo
352835000,General Cargo
352851000,Bulk Carrier
352853000,Container Ship
352866000,Cargo D
352867000,Bulk Carrier
352868000,Bulk Carrier
352892000,Bulk Carrier
352898695,Tanker
352898697,Cargo
352898704,Container Ship
352898710,Oil/Chemical Tanker
352898717,Cargo D
352898738,Tug
352898743,Crude Oil Tanker
352898746,Cargo
352898749,Bulk Carrier
352898756,General Cargo
352898760,Cargo
352898761,Bulk Carrier
352898762,Cargo
352898793,Obo Carrier
352898796,Tanker
352898801,Bulk Carrier
352898819,Cargo
352920000,Cargo
352927000,Cargo
352929000,Vehicles Carrier
352946000,Bulk Carrier
352952000,Cargo A
352955000,Bulk Carrier
352957000,Bulk Carrier
352960000,Bulk Carrier
352966000,Oil Products Tanker
352978126,Bulk Carrier
352978134,Bulk Carrier
352978139,Tanker
352978142,Cargo
352978145,Crude Oil Tanker
352978148,Cargo
352978149,Crude Oil Tanker
352978156,Tanker
352978157,Tanker
352978162,Tanker
352978166,Cargo
352978169,Cargo
352978174,Bulk Carrier
352978189,Cargo
352978199,Cargo D
352978203,Crude Oil Tanker
352978206,Ro-Ro Cargo
352978216,Tanker B
352978229,General Cargo
352978241,Bulk Carrier
352978276,Tanker
352978277,Bulk Carrier
352979000,Cargo
352980760,Bulk Carrier
352980761,Bulk Carrier
352980782,General Cargo
352980788,Cargo D
352980794,Cargo
352980796,Vehicles Carrier
352980797,Vehicles Carrier
352980798,Vehicles Carrier
352980799,Container Ship
352980801,Bulk Carrier
352980811,Reefer
352980814,Bulk Carrier
352980865,Cargo
352980873,Cargo A
352983000,Container Ship
352986128,Cargo
352986132,---
352986134,Cargo
352986141,Self Discharging Bulk Carrier
352986146,Cargo D
352986151,Bulk Carrier
352986153,Bulk Carrier
352986168,Container Ship
352986172,Bulk Carrier
352986187,Cargo
352986188,Crude Oil Tanker
352986193,Cargo
352986194,Bulk Carrier
352986206,Cargo
352993000,Cargo
352996000,Cargo
352999793,General Cargo
352999881,Cargo
353007000,Tanker
353052000,Tanker
353058000,General Cargo
353073000,Bulk Carrier
353074000,Cargo
353080000,Cargo
353081000,Bulk Carrier
353086000,Cargo
353092000,Cargo
353093000,Cargo
353100000,Other Type
353108000,Oil/Chemical Tanker
353111000,Container Ship
353120000,Bulk Carrier
353136000,Cargo A
353139000,Tanker
353143000,Bulk Carrier
353155000,Container Ship
353162000,Container Ship
353163000,Bulk Carrier
353178000,Bulk Carrier
353188000,Ro-Ro Cargo
353200000,Bulk Carrier
353206000,General Cargo
353211000,Bulk Carrier
353212000,Bulk Carrier
353222000,Oil/Chemical Tanker
353230000,Lpg Tanker
353245000,Bulk Carrier
353248000,Bulk Carrier
353251000,Bulk Carrier
353267000,Cargo
353282000,Cargo D
353293000,Cargo A
353320000,Bulk Carrier
353321000,Bulk Carrier
353328000,Cargo
353331000,General Cargo
353345000,Ro-Ro Cargo
353347000,Port Tender
353351000,Bulk Carrier
353358000,Bulk Carrier
353360000,Lpg Tanker
353365000,Container Ship
353368000,Cargo D
353370000,Tanker
353378000,General Cargo
353379000,General Cargo
353381000,Bulk Carrier
353393000,Cargo
353414000,General Cargo
353424000,Cargo
353426000,Bulk Carrier
353428000,Container Ship
353430000,Bulk Carrier
353441000,Cargo
353453000,Cargo
353455000,Oil Products Tanker
353456000,Oil/Chemical Tanker
353461000,Tanker
353467000,Container Ship
353470000,Cargo
353491000,Oil/Chemical Tanker
353514000,Vehicles Carrier
353525000,Oil Products Tanker
353544000,Bulk Carrier
353571000,Bulk Carrier
353577000,Bulk Carrier
353578000,Cargo
353579000,Bulk Carrier
353580000,Cargo
353587000,Tanker
353590000,Cargo B
353592000,Container Ship
353599000,Lpg Tanker
353601000,Bulk Carrier
353603000,Tanker
353608000,Oil/Chemical Tanker
353614000,Cargo
353616000,Chemical Tanker
353627000,Cargo
353639000,Bulk Carrier
353641000,Tanker
353642000,Vehicles Carrier
353647000,Vehicles Carrier
353650000,Bulk Carrier
353654000,General Cargo
353662000,Cargo
353663000,Bulk Carrier
353664000,Bulk Carrier
353675000,Bulk Carrier
353686000,Wood Chips Carrier
353698000,Cargo
353706000,Cargo
353730000,Bulk Carrier
353738000,Bulk Carrier
353757000,Tanker
353791000,Ro-Ro Cargo
353800000,Cargo D
353801000,Bulk Carrier
353815000,Tanker
353817000,Heavy Load Carrier
353824000,Container Ship
353835000,Cargo
353840000,Oil/Chemical Tanker
353841000,Crude Oil Tanker
353848000,Container Ship
353849000,Bulk Carrier
353851000,Container Ship
353854000,Bulk Carrier
353862000,Cargo
353870000,Tanker B
353874000,Tanker D
353900000,Cargo
353921000,Cargo
353923000,Ro-Ro/Passenger Ship
353924000,Bulk Carrier
353929000,Cargo
353932000,Cargo
353953000,Oil/Chemical Tanker
353956000,Bulk Carrier
353987000,Cargo
353992000,Oil/Chemical Tanker
353997000,Cargo A
354004000,Cargo
354048000,Cargo
354056000,Bulk Carrier
354077000,Oil/Chemical Tanker
354087000,Oil/Chemical Tanker
354090000,General Cargo
354097000,Bulk Carrier
354106000,Container Ship
354114000,Tanker
354120000,Cargo
354128000,General Cargo
354159000,Lng Tanker
354161000,Cargo
354184000,Tanker
354195000,Container Ship
354199000,Bulk Carrier
354204000,Ro-Ro Cargo
354211000,Bulk Carrier
354214000,Bulk Carrier
354223000,Asphalt/Bitumen Tanker
354227000,Cargo
354231000,Crude Oil Tanker
354232000,Cargo
354248000,Oil Products Tanker
354252000,Oil/Chemical Tanker
354256000,Wood Chips Carrier
354260000,Cargo
354263000,Cargo
354264000,Tanker
354269000,Oil/Chemical Tanker
354281000,Cargo
354299000,Cargo A
354314000,Bulk Carrier
354327000,Bulk Carrier
354340000,Container Ship
354341000,Cargo
354359000,General Cargo
354363000,Bulk Carrier
354368000,Bulk Carrier
354393000,General Cargo
354394000,Cargo
354395000,Bulk Carrier
354408000,Cargo
354418000,Bulk Carrier
354424000,Cargo
354425000,Bulk Carrier
354433000,Crude Oil Tanker
354434000,Oil/Chemical Tanker
354440000,Bulk Carrier
354447000,Bulk Carrier
354453000,Lpg Tanker
354456000,Cargo
354462000,Container Ship
354473000,General Cargo
354479000,Tanker
354480000,Bulk Carrier
354488000,Cargo
354490000,Cargo
354511000,Tanker
354529000,Cargo
354534000,Bulk Carrier
354552000,Cargo
354555000,Tanker D
354570000,Bulk Carrier
354589000,Bulk Carrier
354590000,Pipelay Crane Vessel
354625000,Container Ship
354632000,Bulk Carrier
354643000,Bulk Carrier
354654000,Cargo A
354658000,Tanker
354662000,Vehicles Carrier
354663000,Oil/Chemical Tanker
354686000,Oil/Chemical Tanker
354689000,Cargo
354700000,Bulk Carrier
354707000,Cargo
354712000,Container Ship
354717000,General Cargo
354737000,Tanker
354738000,Bulk Carrier
354767000,Ro-Ro Cargo
354777000,Cargo
354782000,General Cargo
354794000,General Cargo
354797000,General Cargo
354801000,Oil/Chemical Tanker
354815000,Bulk Carrier
354817000,Cargo
354820000,Bulk Carrier
354837000,Cargo
354839000,Container Ship
354840000,Oil Products Tanker
354841000,Anchor Handling Vessel
354855000,Bulk Carrier
354856000,General Cargo
354858000,Bulk Carrier
354863000,Bulk Carrier
354864000,General Cargo
354872000,Cargo
354879000,Bulk Carrier
354897000,Bulk Carrier
354900000,Heavy Lift Vessel
354908000,Cargo
354912000,Bulk Carrier
354919000,Tanker
354925000,General Cargo
354928000,Cargo C
354931000,Bulk Carrier
354932000,Container Ship
354934000,Cargo
354939000,Oil/Chemical Tanker
354942000,Cargo
354959000,General Cargo
354971000,Bulk Carrier
354973000,Cargo
354977000,Cargo D
354988000,Bulk Carrier
354995000,Bulk Carrier
354996000,Tanker B
354998000,Cargo
355008000,Bulk Carrier
355009000,Cargo
355033000,Container Ship
355036000,Bulk Carrier
355047000,Tanker
355048000,Oil/Chemical Tanker
355051000,Tanker
355067000,Bulk Carrier
355091000,General Cargo
355106000,Cargo D
355109000,Cargo
355136000,Cargo
355139000,Vehicles Carrier
355140000,Cargo
355142000,Bulker
355149000,Bulk Carrier
355173000,Cargo
355181000,Bulk Carrier
355187000,Sailing
355208000,Bulk Carrier
355222000,Vehicles Carrier
355232000,Container Ship
355233000,Container Ship
355271000,Container Ship
355275000,Bulk Carrier
355288000,Container Ship
355290000,Bulk Carrier
355291000,Tanker
355293000,Cargo
355294000,Tanker
355297000,Vehicles Carrier
355300000,Bulk Carrier
355308000,Container Ship
355311000,Crude Oil Tanker
355328000,Cargo
355331000,Oil Products Tanker
355332000,Tanker
355341000,Cargo
355354000,Cargo
355356000,Cargo
355357000,Bulk Carrier
355377000,Bulk Carrier
355395000,Tanker
355398000,Cargo
355400000,Container Ship
355401000,Bulk Carrier
355412000,Cargo
355424000,General Cargo
355432000,Bulk Carrier
355433000,Container Ship
355437000,Tanker
355452000,Cargo
355458000,Bulk Carrier
355464000,Tanker
355471000,Cargo
355489000,Bulk Carrier
355494000,Cargo
355502000,Container Ship
355515000,Bulk Carrier
355518000,Vehicles Carrier
355520000,Cargo
355530000,Bulk Carrier
355532000,General Cargo
355534000,Bulk Carrier
355557000,Bulk Carrier
355558000,Vehicles Carrier
355572000,Cargo
355580000,Lng Tanker
355581000,Cargo
355582000,Cargo
355599000,Bulk Carrier
355615000,Vehicles Carrier
355619000,Oil/Chemical Tanker
355623000,Cargo D
355645000,Cargo
355646000,Bulk Carrier
355649000,Vehicles Carrier
355677000,Cargo
355690000,Bulk Carrier
355692000,Cargo
355701000,Bulk Carrier
355702000,Wood Chips Carrier
355705000,Crude Oil Tanker
355708000,Vehicles Carrier
355709000,Bulk Carrier
355738000,Container Ship
355741000,Cargo
355745000,Vehicles Carrier
355748000,Bulk Carrier
355765000,Bulk Carrier
355771000,Container Ship
355784000,Oil Products Tanker
355798000,Cargo A
355800000,Cargo
355806000,Cargo
355808000,Container Ship
355825000,Cargo
355851000,Bulk Carrier
355857000,Bulk Carrier
355860000,Bulk Carrier
355871000,Bulk Carrier
355883000,Bulk Carrier
355886000,Bulk Carrier
355890000,Bulk Carrier
355906000,Cargo A
355911000,Vehicles Carrier
355913000,Cargo
355919000,Container Ship
355927000,Bulk Carrier
355953000,Cargo
355974000,Cargo
355980000,Cargo
355984000,Tanker
355990000,Offshore Supply Ship
356005000,Vehicles Carrier
356006000,Bulk Carrier
356015000,Cargo
356027000,Oil/Chemical Tanker
356028000,Lpg Tanker
356044000,Pleasure Craft
356046000,Cargo
356051000,Not available
356060000,General Cargo
356075000,Crude Oil Tanker
356093000,Container Ship
356106000,Bulk Carrier
356136000,Bulk Carrier
356144000,Tanker
356145000,Vehicles Carrier
356177000,Tanker
356178000,Tanker
356180000,Cargo
356188000,Bulk Carrier
356209000,Tanker
356212000,Oil/Chemical Tanker
356217000,Container Ship
356219000,Cargo
356234000,Cargo A
356242000,Cargo
356249000,Container Ship
356250000,Cargo
356276000,Bulk Carrier
356289000,Cargo
356296000,Tanker
356302000,Bulk Carrier
356307000,Tanker
356328000,General Cargo
356335000,Bulk Carrier
356337000,Bulk Carrier
356352000,Container Ship
356356000,Tanker
356362000,Cargo
356369000,Cargo A
356389000,Bulk Carrier
356408000,Bulk Carrier
356413000,Cargo
356426000,Container Ship
356432000,Cargo A
356440000,Bulk Carrier
356441000,Cargo
356444000,Bulk Carrier
356447000,Oil/Chemical Tanker
356460000,Wood Chips Carrier
356466000,Oil/Chemical Tanker
356471000,Oil/Chemical Tanker
356480000,Ore Carrier
356485000,Bulk Carrier
356490000,Bulk Carrier
356499000,Bulk Carrier
356500000,Cargo
356509000,Cargo
356534000,Bulk Carrier
356543000,Cargo
356553000,Bulk Carrier
356556000,Bulk Carrier
356560000,Tanker D
356566000,Bulk Carrier
356569000,Crude Oil Tanker
356575000,Container Ship
356582000,Cargo
356593000,Tanker
356594000,Bulk Carrier
356600000,Tanker
356601000,General Cargo
356611000,Cargo
356612000,Cargo
356619000,Cargo
356632000,Bulk Carrier
356641000,Ro-Ro Cargo
356643000,Bulk Carrier
356660000,General Cargo
356664000,Tanker B
356667000,Cargo
356671000,Oil/Chemical Tanker
356673000,Tanker
356676000,Bulk Carrier
356677000,Lpg Tanker
356688000,Cargo
356690000,Lpg Tanker
356704000,Bulk Carrier
356723000,Bulk Carrier
356726000,Bulk Carrier
356729000,Bulk Carrier
356755000,Cargo
356768000,Oil/Chemical Tanker
356777000,Cargo
356785000,Cargo
356793000,Cargo
356806000,Bulk Carrier
356812000,Bulk Carrier
356813000,Cargo
356815000,Container Ship
356819000,Oil/Chemical Tanker
356826000,Bulk Carrier
356836000,Bulk Carrier
356847000,Cargo
356849000,Cargo
356853000,Cargo A
356861000,Bulk Carrier
356865000,Bulk Carrier
356872000,Bulk Carrier
356874000,Cargo
356876000,Oil/Chemical Tanker
356879000,Cargo
356881000,Bulk Carrier
356886000,Container Ship
356896000,Tanker
356897000,Bulk Carrier
356899000,Tanker
356916000,Crude Oil Tanker
356923000,Tanker
356932000,General Cargo
356935000,Tanker
356936000,Crude Oil Tanker
356944000,Oil/Chemical Tanker
356948000,Vehicles Carrier
356958000,Oil/Chemical Tanker
356961000,Bulk Carrier
356984000,Cargo
356999000,Tanker
357011000,Tanker
357017000,Bulk Carrier
357018000,Cargo
357044000,Crude Oil Tanker
357045000,General Cargo
357051000,Container Ship
357072000,Cargo
357076000,Cargo
357078000,Sailing
357103000,Bulk Carrier
357106000,Container Ship
357117000,Tanker
357118000,Other Type
357134000,Tanker
357138000,Tanker
357144000,Tanker
357147000,Vehicles Carrier
357149000,Tanker
357155000,Cargo
357170000,Vehicles Carrier
357178000,Cargo D
357185000,Bulk Carrier
357189000,Passengers Ship
357201000,Oil/Chemical Tanker
357210000,Cargo
357229000,General Cargo
357231000,Container Ship
357232000,Wood Chips Carrier
357237000,Tanker B
357240000,Container Ship
357245000,Crude Oil Tanker
357247000,Vehicles Carrier
357249000,Cargo
357260000,Cargo
357261000,Lpg Tanker
357285000,Crude Oil Tanker
357288000,Bulk Carrier
357293000,Cargo
357299000,Oil/Chemical Tanker
357313000,Bulk Carrier
357314000,Bulk Carrier
357332000,Container Ship
357344000,General Cargo
357349000,Bulk Carrier
357353000,Ro-Ro Cargo
357381000,Bulk Carrier
357387000,General Cargo
357389000,Wood Chips Carrier
357394000,Bulk Carrier
357395000,Cargo
357401000,Cargo
357403000,Bulk Carrier
357404000,Bulk Carrier
357417000,Cargo
357420000,Cargo
357431000,Cargo
357437000,Bulk Carrier
357443000,Ore Carrier
357449000,Crude Oil Tanker
357458000,Cargo
357461000,Cargo
357463000,Cargo D
357465000,Cargo
357482000,General Cargo
357484000,Bulk Carrier
357490000,Cargo
357492000,Tanker
357501000,Bulk Carrier
357502000,General Cargo
357506000,Container Ship
357530000,Lpg Tanker
357533000,Cargo
357542000,Container Ship
357570000,Tanker B
357571000,Tanker B
357573000,Cargo
357602000,General Cargo
357604000,Cargo
357610000,Bulk Carrier
357641000,Oil Products Tanker
357650000,Cargo
357672000,Bulk Carrier
357682000,Vehicles Carrier
357694000,Vehicles Carrier
357705000,Cargo
357715000,Tanker
357734000,Lng Tanker
357741000,Vehicles Carrier
357794000,Tanker B
357795000,Vehicles Carrier
357802000,Vehicles Carrier
357840000,General Cargo
357843000,Tanker B
357862000,Lpg Tanker
357867000,Tanker
357873000,Cargo
357874000,Container Ship
357875000,Cargo
357876000,Bulk Carrier
357899000,Cargo
357907000,Bulk Carrier
357918000,Crude Oil Tanker
357921000,General Cargo
357926000,Container Ship
357929000,Cargo
357939000,Container Ship
357949000,General Cargo
357957000,Vehicles Carrier
357965000,Cargo
357983000,Vehicles Carrier
357987000,General Cargo
357988000,Container Ship
357994000,Bulk Carrier
357997000,Cargo
366345000,Research/Survey Vessel
366576000,Container Ship
367137000,Cable Layer
367199000,Not available
367218000,Replenishment Vessel
367219000,Replenishment Vessel
367353080,Tanker
367535950,General Cargo
367598720,Sailing
367626780,Pleasure Craft
367867000,Military ops
367955000,Research/Survey Vessel
368118000,Passenger
368270000,General Cargo
368393740,Anchor Handling Vessel
368411250,Tanker
368709000,Replenishment Vessel
368784000,Cargo
368926485,Tanker
369176000,Tanker
369466000,Ro-Ro/Passenger Ship
369498000,Replenishment Vessel
369894000,Replenishment Vessel
369961000,Other Type
369970000,Military ops
370004000,Bulk Carrier
370011000,Vehicles Carrier
370014000,Container Ship
370020000,Cargo
370021000,Ore Carrier
370029000,General Cargo
370064000,Bulk Carrier
370069000,Oil/Chemical Tanker
370071000,Cargo
370092000,Bulk Carrier
370117000,Bulk Carrier
370121000,Cargo A
370135000,Bulk Carrier
370137000,Cargo
370150000,Bulk Carrier
370153000,Oil/Chemical Tanker
370159000,Oil/Chemical Tanker
370170000,Tanker B
370192000,Bulk Carrier
370209000,Cargo
370215000,Bulk Carrier
370216000,Bulk Carrier
370219000,Lpg Tanker
370229000,Oil/Chemical Tanker
370236000,Tanker
370237000,Other Type
370248000,General Cargo
370252000,Tanker
370272000,Bulk Carrier
370282000,Tanker
370286000,Cargo
370293000,Bulk Carrier
370303000,Ore Carrier
370304000,General Cargo
370307000,Oil Products Tanker
370312000,Bulk Carrier
370314000,Cargo
370325000,Bulk Carrier
370328000,Oil/Chemical Tanker
370338000,Wood Chips Carrier
370341000,Container Ship
370343000,Vehicles Carrier
370355000,Lpg Tanker
370359000,Cargo
370360000,Tanker
370361000,Tanker
370363000,Vehicles Carrier
370364000,Wood Chips Carrier
370367000,Bulk Carrier
370378000,Cargo
370380000,Bulk Carrier
370385000,General Cargo
370410000,Bulk Carrier
370411000,Oil/Chemical Tanker
370435000,Bulk Carrier
370437000,Container Ship
370442000,Container Ship
370445000,Bulk Carrier
370471000,Bulk Carrier
370475000,Wood Chips Carrier
370476000,Tanker B
370489000,Cargo
370502000,Lng Tanker
370503000,Tanker
370508000,Vehicles Carrier
370524000,Bulk Carrier
370526000,Crude Oil Tanker
370549000,Oil/Chemical Tanker
370558000,Oil/Chemical Tanker
370567000,Vehicles Carrier
370569000,General Cargo
370577000,Cargo
370583000,Cargo
370587000,Container Ship
370588000,Bulk Carrier
370622000,General Cargo
370624000,Bulk Carrier
370636000,Bulk Carrier
370637000,Tanker
370644000,Vehicles Carrier
370645000,Tanker
370646000,Oil/Chemical Tanker
370647000,General Cargo
370651000,Cargo A
370666000,General Cargo
370678000,Cargo B
370681000,Vehicles Carrier
370700000,Cargo D
370706000,Oil/Chemical Tanker
370711000,Cargo A
370712000,Cargo
370714000,Bulk Carrier
370731000,Bulk Carrier
370740000,Cargo
370758000,Crude Oil Tanker
370763000,General Cargo
370783000,Crude Oil Tanker
370791000,Bulk Carrier
370813000,Oil/Chemical Tanker
370819000,Wood Chips Carrier
370835000,Wood Chips Carrier
370844000,Bulk Carrier
370849000,Tanker
370853000,Bulk Carrier
370854000,Oil/Chemical Tanker
370863000,Oil/Chemical Tanker
370885000,Bulk Carrier
370886000,Cargo
370892000,Container Ship
370894000,Container Ship
370896000,General Cargo
370908000,Tanker
370914000,Lpg Tanker
370928000,Container Ship
370930000,Container Ship
370937000,Bulk Carrier
370953000,Bulk Carrier
370985000,Oil/Chemical Tanker
370988000,Other Type
370990000,Tanker
370993000,Container Ship
371004000,Cargo
371007000,Cargo
371008000,Lpg Tanker
371016000,Vehicles Carrier
371044000,Tanker B
371047000,Cargo B
371051000,Cargo
371052000,Cargo
371059000,Container Ship
371060000,Vehicles Carrier
371071000,Cargo
371072000,Bulk Carrier
371076000,Cargo A
371078000,Asphalt/Bitumen Tanker
371093000,Cargo
371108000,Bulk Carrier
371112000,Cargo
371118000,Oil/Chemical Tanker
371120000,Bulk Carrier
371128000,Cargo
371134000,Cargo
371135000,Tanker
371136000,General Cargo
371139000,Cargo
371140000,Vehicles Carrier
371147000,Vehicles Carrier
371168000,General Cargo
371172000,Vehicles Carrier
371176000,Oil/Chemical Tanker
371181000,General Cargo
371185000,Vehicles Carrier
371188000,Bulk Carrier
371206000,Cargo
371215000,Cargo
371218000,Container Ship
371228000,Container Ship
371230000,Tanker
371233000,Container Ship
371234000,Bulk Carrier
371238000,Bulk Carrier
371240000,Cargo
371243000,Container Ship
371272000,Bulk Carrier
371274000,Container Ship
371290000,Cargo
371303000,Cargo
371305000,Cargo
371308000,Cargo A
371310000,Tanker
371318000,Vehicles Carrier
371324000,Cargo
371355000,Cargo
371364000,Cargo
371367000,Oil Products Tanker
371378000,Heavy Load Carrier
371381000,Lng Tanker
371386000,Crude Oil Tanker
371407000,Bulk Carrier
371424000,Bulk Carrier
371426000,General Cargo
371438000,Oil/Chemical Tanker
371444000,Cargo D
371450000,Bulk Carrier
371458000,Crude Oil Tanker
371462000,Chemical Tanker
371478000,Cargo
371485000,Bulk Carrier
371493000,Wood Chips Carrier
371495000,Bulk Carrier
371499000,Crude Oil Tanker
371500000,Reefer
371507000,Cargo
371513000,Tanker
371516000,Cargo
371519000,Container Ship
371521000,Tanker D
371523000,Cargo
371545000,Bulk Carrier
371552000,Oil/Chemical Tanker
371561000,Lng Tanker
371563000,Cargo
371567000,Cargo
371578000,Heavy Lift Vessel
371582000,Container Ship
371590000,Bulk Carrier
371595000,Crude Oil Tanker
371601000,Bulk Carrier
371602000,Container Ship
371608000,Cargo
371617000,General Cargo
371618000,Vehicles Carrier
371620000,Ore Carrier
371623000,Bulk Carrier
371625000,Bulk Carrier
371626000,Bulk Carrier
371639000,Tanker D
371646000,Cargo
371647000,Cargo
371655000,Cargo
371660000,Lpg Tanker
371661000,Bulk Carrier
371662000,General Cargo
371671000,Vehicles Carrier
371678000,Bulk Carrier
371697000,Vehicles Carrier
371704000,Bulk Carrier
371706000,Vehicles Carrier
371707000,Bulk Carrier
371723000,Bulk Carrier
371748000,Oil/Chemical Tanker
371752000,Container Ship
371753000,Container Ship
371768000,Cargo
371796000,General Cargo
371799000,Container Ship
371811000,Cargo
371818000,Container Ship
371820000,Ro-Ro/Passenger Ship
371829000,Cargo A
371846000,Lng Tanker
371847000,Crude Oil Tanker
371862000,Vehicles Carrier
371884000,General Cargo
371903000,Cargo
371915000,Tanker A
371930000,Cargo
371932000,Cargo
371958000,Tanker B
371963000,Bulk Carrier
371964000,Vehicles Carrier
371965000,Cargo
371976000,Bulk Carrier
371977000,Bulk Carrier
371987000,Vehicles Carrier
371994000,Tanker
372003000,Cargo
372008000,Container Ship
372011000,Cargo
372014000,Bulk Carrier
372028000,General Cargo
372031000,Vehicles Carrier
372038000,Container Ship
372041000,General Cargo
372043000,Bulk Carrier
372049000,General Cargo
372051000,Container Ship
372053000,Cargo
372060000,Bulk Carrier
372070000,Bulk Carrier
372072000,Tanker
372085000,Bulk Carrier
372104000,Container Ship
372112000,Other Type
372116000,Ro-Ro Cargo
372119000,Tanker
372123000,Container Ship
372125000,Cargo
372134000,Bulk Carrier
372135000,Bulk Carrier
372136000,Cargo
372140000,Vehicles Carrier
372142000,Cargo
372151000,Tanker B
372153000,General Cargo
372154000,Cargo
372160000,Cargo
372161000,Cargo
372172000,Oil/Chemical Tanker
372177000,Cargo
372178000,Cargo
372188000,Bulk Carrier
372192000,Ro-Ro Cargo
372195000,Lng Tanker
372198000,Cargo
372205000,Cargo
372218000,Container Ship
372238000,Cargo
372240000,Tanker
372241000,Cargo
372245000,Bulk Carrier
372251000,Crude Oil Tanker
372254000,Bulk Carrier
372264000,Bulk Carrier
372276000,Bulk Carrier
372280000,Cargo D
372283000,Ro-Ro/Passenger Ship
372286000,Bulk Carrier
372287000,Bulk Carrier
372295000,General Cargo
372307000,Lng Tanker
372324000,Crude Oil Tanker
372335000,Tanker
372336000,Bulk Carrier
372339000,General Cargo
372341000,Tanker
372343000,Oil/Chemical Tanker
372354000,Cargo D
372364000,Bulk Carrier
372370000,General Cargo
372377000,Bulk Carrier
372419000,Oil/Chemical Tanker
372424000,Cargo
372430000,Bulk Carrier
372431000,Tanker
372447000,Bulk Carrier
372468000,Bulk Carrier
372470000,Lpg Tanker
372477000,Crude Oil Tanker
372480000,Cargo
372487000,Tanker
372490000,Cargo
372495000,Crude Oil Tanker
372512000,Container Ship
372519000,Oil/Chemical Tanker
372524000,Tanker
372526000,Bulk Carrier
372531000,Container Ship
372532000,Bulk Carrier
372545000,Cargo
372546000,Container Ship
372548000,Vehicles Carrier
372552000,Cargo
372556000,Bulk Carrier
372560000,Crude Oil Tanker
372571000,Tanker
372582000,Tanker
372588000,Cargo A
372596000,Cargo B
372610000,Vehicles Carrier
372616000,Tanker
372627000,Vehicles Carrier
372634000,Bulk Carrier
372643000,Cargo
372645000,Cargo
372648000,Oil/Chemical Tanker
372653000,Tanker B
372700000,Cargo
372710000,Anchor Handling Vessel
372713000,Bulk Carrier
372720000,Cargo
372724000,Container Ship
372727000,Vehicles Carrier
372729000,Cargo A
372733000,Cargo A
372746000,Bulk Carrier
372747000,Vehicles Carrier
372753000,Container Ship
372754000,Cargo
372755000,Bulk Carrier
372756000,Cargo
372774000,Cargo
372777000,Oil/Chemical Tanker
372787000,Bulk Carrier
372789000,Bulk Carrier
372792000,Oil/Chemical Tanker
372794000,Ore Carrier
372795000,Bulk Carrier
372796000,Oil Products Tanker
372798000,Cargo
372802000,Vehicles Carrier
372805000,Vehicles Carrier
372817000,Bulk Carrier
372827000,Container Ship
372830000,Cargo
372849000,Vehicles Carrier
372857000,Vehicles Carrier
372866000,Cargo
372883000,Cargo
372884000,Vehicles Carrier
372894000,Tanker
372900000,Cargo
372903000,General Cargo
372908000,Bulk Carrier
372916000,Tanker
372922000,Cargo
372924000,Bulk Carrier
372925000,Container Ship
372932000,Cargo A
372939000,Crude Oil Tanker
372945000,Vehicles Carrier
372955000,Container Ship
372959000,Cargo
372963000,Bulk Carrier
372974000,Cargo
372976000,Cargo
372981000,Vehicles Carrier
372985000,Cargo
372997000,Vehicles Carrier
373004000,Container Ship
373005000,Container Ship
373009000,Bulk Carrier
373012000,Bulk Carrier
373014000,Cargo
373020000,Cargo
373021000,Container Ship
373031000,Container Ship
373045000,Tanker
373058000,Bulk Carrier
373060000,Bulk Carrier
373061000,General Cargo
373068000,Container Ship
373069000,Container Ship
373072000,Ore Carrier
373077000,Tanker
373079000,Bulk Carrier
373090000,Crude Oil Tanker
373100000,Bulk Carrier
373105000,Tanker
373109000,Bulk Carrier
373117000,Bulk Carrier
373121000,Bulk Carrier
373122000,Cargo
373129000,Lpg Tanker
373132000,Bulk Carrier
373133000,General Cargo
373137000,Cargo
373140000,Bulk Carrier
373142000,Bulk Carrier
373143000,Bulk Carrier
373144000,Bulk Carrier
373148000,Cargo
373154000,Bulk Carrier
373183000,Container Ship
373204000,Cargo
373210000,ERROR
373215000,Tanker D
373217000,Bulk Carrier
373220000,Cargo
373223000,Bulk Carrier
373228000,Vehicles Carrier
373230000,Bulk Carrier
373231000,Bulk Carrier
373232000,Cargo
373233000,Container Ship
373235000,Bulk Carrier
373238000,Bulk Carrier
373259000,Oil/Chemical Tanker
373267000,Bulk Carrier
373292000,Cargo
373300000,Cargo
373301000,Bulk Carrier
373302000,Passenger
373303000,General Cargo
373308000,Cargo
373310000,Vehicles Carrier
373314000,General Cargo
373319000,Cargo A
373335000,Offshore Supply Ship
373336000,Crude Oil Tanker
373343000,Chemical Tanker
373344000,Bulk Carrier
373350000,Bulk Carrier
373355000,Container Ship
373363000,Cargo
373367000,Tanker B
373370000,Oil/Chemical Tanker
373375000,General Cargo
373383000,Bulk Carrier
373388000,Cargo
373393000,Bulk Carrier
373404000,Container Ship
373416000,Cargo
373421000,Bulk Carrier
373428000,Tanker
373434000,Cargo
373435000,Tanker
373440000,Cargo
373448000,Cargo
373449000,Cargo
373455000,Cargo
373461000,Oil/Chemical Tanker
373468000,Bulk Carrier
373487000,Bulk Carrier
373498000,Bulk Carrier
373502000,Lpg Tanker
373505000,Bulk Carrier
373509000,Bulk Carrier
373529000,Bulk Carrier
373530000,Tanker B
373548000,Bulk Carrier
373549000,Cargo
373557000,Bulk Carrier
373558000,Cargo
373562000,Bulk Carrier
373570000,Bulk Carrier
373573000,Bulk Carrier
373579000,Container Ship
373582000,Container Ship
373590000,Bulk Carrier
373595000,Cargo
373598000,Cargo
373603000,Cargo
373604000,Crude Oil Tanker
373606000,Crude Oil Tanker
373607000,Cargo
373619000,General Cargo
373630000,Vehicles Carrier
373651000,Cargo
373657000,Bulk Carrier
373665000,Bulk Carrier
373680000,Bulk Carrier
373681000,Bulk Carrier
373689000,Cargo
373705000,Tanker
373708000,General Cargo
373712000,Cargo D
373721000,Container Ship
373729000,Tanker
373731000,Crude Oil Tanker
373735000,Bulk Carrier
373738000,Bulk Carrier
373740000,Lpg Tanker
373746000,Bulk Carrier
373752000,Cargo
373766000,Bulk Carrier
373768000,Tanker
373815000,Cargo
373817000,Vehicles Carrier
373834000,Tanker D
373841000,General Cargo
373843000,Bulk Carrier
373855000,Cargo
373874000,Bulk Carrier
373879000,Bulk Carrier
373885000,Tanker
373889000,Cargo
373890000,Oil/Chemical Tanker
373910000,Cargo
373913000,Bulk Carrier
373918000,Bulk Carrier
373932000,Container Ship
373943000,General Cargo
373965000,Cargo
373975000,Cargo
373981000,Bulk Carrier
373988000,Cargo
373989000,Cargo
373997000,Bulk Carrier
374007000,Tanker
374018000,Cargo
374022000,Tanker
374052000,Cargo
374056000,Tanker
374062000,Cargo
374123000,Cargo
374126000,Cargo
374135000,Bulk Carrier
374146000,Tanker
374155000,Cargo
374182000,Cargo
374192000,Tanker
374202000,General Cargo
374207000,Tanker
374208000,Cargo
374211000,Cargo
374216000,Tanker D
374217000,Cargo
374239000,Container Ship
374244000,Reefer
374249000,Cargo
374258000,Cargo
374263000,Cargo
374266000,Tanker
374268000,Cargo
374273000,Tanker
374274000,Passengers Ship
374280000,Cargo
374286000,Container Ship
374288000,Cargo
374291000,Cargo
374308000,Cargo
374316000,Tanker B
374327000,Cargo
374339000,Oil/Chemical Tanker
374345000,Tanker
374346000,General Cargo
374348000,Bulk Carrier
374356000,Cargo
374368000,Tanker
374369000,Tanker
374371000,General Cargo
374374000,Cargo
374375000,Not available
374386000,Bulk Carrier
374390000,Bulk Carrier
374402000,Tanker
374404000,Cargo
374419000,Chemical Tanker
374428000,Cargo
374438000,Cargo
374450000,Cargo
374455000,Dredging or underwater ops
374466000,Bulk Carrier
374482000,Bulk Carrier
374494000,Cargo
374512000,Cargo
374514000,Cargo
374518000,Cargo
374540000,Bulk Carrier
374542000,Tanker
374589000,Bulk Carrier
374605000,Bulk Carrier
374606000,Cargo
374607000,Cargo A
374613000,Tanker
374625000,Bulk Carrier
374630000,Bulk Carrier
374631000,Bulk Carrier
374638000,Tanker
374643000,Cargo
374645000,Cargo A
374651000,Tanker
374654000,Cargo
374655000,Tanker
374658000,Container Ship
374670000,Oil/Chemical Tanker
374674000,Cargo
374677000,Cargo
374681000,Bulk Carrier
374684000,Bulk Carrier
374696000,Cargo
374703000,General Cargo
374705000,Bulk Carrier
374706000,Cargo
374715000,Tanker
374717000,Tanker B
374728000,Tanker D
374762000,Reefer
374766000,Cargo
374775000,Tanker C
374776000,Container Ship
374780000,Bulk Carrier
374788000,Tanker
374797000,Tanker
374804000,Cargo
374807000,Cargo
374820000,Cargo
374821000,Cargo
374829000,Cargo
374832000,Cargo
374835000,Bulk Carrier
374837000,Cargo
374840000,Cargo
374847000,Chemical Tanker
374854000,Cargo
374858000,Cargo
374859000,Cargo A
374875000,Cargo
374886000,Cargo
374890000,Tanker
374891000,Bulk Carrier
374895000,Bulk Carrier
374898000,Cargo D
374907000,Cargo
374908000,Bulk Carrier
374909000,Tanker
374912000,Tanker
374922000,Cargo
374923000,Cargo
374945000,Tanker
374972000,Bulk Carrier
374980000,Tanker
374983000,Cargo
374987000,Crude Oil Tanker
374993000,Tanker
374994000,Lpg Tanker
375271000,Cargo
375543000,Tug
375666000,High speed craft
375751000,Container Ship
375788000,Tug
375845000,Yacht
376036000,Tug
376344000,Bulk Carrier
376737000,Other Type
376989000,Oil Products Tanker
377152000,Bulk Carrier
377275000,Other Type
377531000,Bulk Carrier
389908000,Not available
400000000,Fishing
403017000,Tanker
403086000,Oil/Chemical Tanker
403096001,Oil/Chemical Tanker
403285001,Tanker
403287001,Tanker
403297001,General Cargo
403450000,Tanker
403499000,Crude Oil Tanker
403500000,Oil/Chemical Tanker
403502000,Oil/Chemical Tanker
403503000,Oil/Chemical Tanker
403508000,Crude Oil Tanker
403509000,Crude Oil Tanker
403510000,Crude Oil Tanker
403511001,Oil/Chemical Tanker
403512001,Oil/Chemical Tanker
403513001,Oil/Chemical Tanker
403514001,Oil/Chemical Tanker
403516001,Oil/Chemical Tanker
403517001,Oil/Chemical Tanker
403520001,Ro-Ro Cargo
403521001,Cargo
403522001,Crude Oil Tanker
403526001,Ro-Ro Cargo
403527001,Chemical Tanker
403529000,Tanker
403530000,Tanker
403531001,Ro-Ro Cargo
403532000,Tanker
403532001,Cargo
403533000,Tanker
403533001,Ro-Ro Cargo
403534000,Tanker
403535000,Tanker
403536000,Crude Oil Tanker
403537000,Crude Oil Tanker
403538000,Crude Oil Tanker
403539000,Crude Oil Tanker
403540000,Crude Oil Tanker
403542000,Tanker
403547000,Crude Oil Tanker
403556000,Tanker
403557000,Tanker
403586000,Tanker
403588000,Crude Oil Tanker
403589000,Crude Oil Tanker
403590001,Crude Oil Tanker
403591001,Cargo
403594001,Tanker
403608001,Tanker
403615001,Tanker
403624001,Tanker
403632001,Tanker
403636001,Cargo
403638000,Tanker
403640000,Tanker
403641000,Tanker
403643000,Tanker
403644000,Tanker
403644001,Tanker
403645000,Tanker
403646000,Tanker
403647000,Tanker
403651000,Tanker
403652000,Tanker
403653000,Tanker
403660000,Tanker
403701000,Tanker
403745000,Tanker
403789001,Cargo
403797001,Tanker
403798000,Tanker
403798001,Tanker
403799001,Cargo
405000079,Bulk Carrier
405000097,Bulk Carrier
405000116,Bulk Carrier
405000163,Bulk Carrier
405000165,Bulk Carrier
405000183,Bulk Carrier
405000197,Bulk Carrier
405000198,Bulk Carrier
405000199,Bulk Carrier
405000200,Bulk Carrier
405000205,Bulk Carrier
405000211,Bulk Carrier
405000212,Bulk Carrier
405000216,Bulk Carrier
405000217,Bulk Carrier
405000225,Bulk Carrier
405000231,Bulk Carrier
405000232,Bulk Carrier
405000237,Tanker B
405000238,Tanker
405000239,Tanker
405000245,Oil/Chemical Tanker
405000246,Bulk Carrier
405000249,Cargo
405000253,Oil/Chemical Tanker
405000254,Bulk Carrier
405000261,Bulk Carrier
405000262,Bulk Carrier
405000263,Bulk Carrier
405000265,Bulk Carrier
405000266,Bulk Carrier
405000273,Bulk Carrier
405000274,Bulk Carrier
405000291,Container Ship
405000292,Container Ship
405000293,Bulk Carrier
405000308,Container Ship
405000309,Container Ship
405000333,Bulk Carrier
405000336,Bulk Carrier
405000339,Bulk Carrier
405000340,Cargo
405000347,Bulk Carrier
405000348,Bulk Carrier
405000373,Cargo
405000374,Cargo
405000375,Bulk Carrier
405000376,Oil Products Tanker
405000378,Bulk Carrier
405000379,Bulk Carrier
405000388,Cargo
405000390,Cargo
405000393,Cargo
405000394,Bulk Carrier
405000413,Cargo
405000420,Bulk Carrier
405000421,Cargo
405000423,Bulk Carrier
405000424,Bulk Carrier
405000425,Bulk Carrier
405000428,Cargo
405000429,Cargo
405000430,Cargo
405000431,Bulk Carrier
405000433,Crude Oil Tanker
405000434,Cargo
405000435,Cargo
407373288,NOT_FOUND
412016580,Tanker B
412023000,Heavy Lift Vessel
412032000,Bulk Carrier
412054780,Tanker C
412056000,Cargo
412057000,Bulk Carrier
412061000,Cargo
412084000,Cargo
412099000,Other Type
412114000,Cargo
412128000,Cargo
412139000,Cargo
412163000,Vehicles Carrier
412206240,Cargo
412212110,Cargo
412218000,Cargo
412245000,Oil Products Tanker
412258000,Cargo
412260000,Cargo
412268000,Crude Oil Tanker
412269000,Cargo
412289000,Cargo
412311000,Tanker B
412326855,Fishing
412326862,Fishing
412328799,Fishing
412329687,Fishing
412329689,Fishing
412329692,Fishing
412331074,Other Type
412331075,Other Type
412331163,Fishing
412331211,Cargo
412331486,Fishing
412336832,Fishing
412346000,Bulk Carrier
412348000,Bulk Carrier
412353650,Cargo C
412377290,Bulk Carrier
412379000,Tanker
412379370,Tanker B
412379710,Cargo
412381030,Cargo
412392000,Cargo
412398000,Cargo
412421078,Not available
412422734,Fishing
412440185,Cargo
412440189,Fishing
412440191,Fishing
412440193,Cargo
412440309,Fishing
412440311,Fishing
412440315,Fishing
412440322,Fishing
412440326,Fishing
412440327,Fishing
412440328,Fishing
412440331,Fishing
412440438,Fishing
412440494,Fishing
412440506,Fishing
412440724,Fishing
412440726,Fishing
412440732,Fishing
412440746,Fishing
412440747,Fishing
412440748,Fishing
412440749,Fishing
412440753,Fishing
412440758,Fishing
412440784,Fishing
412440786,Fishing
412440789,Fishing
412465012,Fishing
412465014,Fishing
412469000,Cargo
412473920,Dredging or underwater ops
412478720,Cargo
412478730,Cargo
412493000,Oil Products Tanker
412523890,Bulk Carrier
412523920,Bulk Carrier
412525000,Trailing Suction Hopper Dredger
412549037,Cargo
412549053,Fishing
412549096,Fishing
412549126,Fishing
412549187,Fishing
412549208,Fishing
412549209,Fishing
412549211,Fishing
412549292,Fishing
412549394,Fishing
412549481,Fishing
412549482,Fishing
412549483,Fishing
412549486,Fishing
412549539,Fishing
412549602,Fishing
412549607,Fishing
412549611,Fishing
412552109,Spare - Local Vessel
412606000,Bulk Carrier
412654000,Cargo
412706000,Tanker
412760000,Cargo
412914000,Bulk Carrier
413016640,Tug
413021340,Other Type
413040020,Trailing Suction Hopper Dredger
413053000,Container Ship
413054710,Other Type
413054720,Other Type
413057000,Container Ship
413060000,Container Ship
413068000,Container Ship
413073000,Container Ship
413076000,Container Ship
413131000,Container Ship
413132000,Container Ship
413133000,Container Ship
413138000,Container Ship
413141000,Container Ship
413142000,Container Ship
413144000,Container Ship
413146000,Container Ship
413151000,Container Ship
413157000,Crude Oil Tanker
413165000,Container Ship
413166000,Container Ship
413167000,Container Ship
413172000,Oil Products Tanker
413173000,Container Ship
413176000,Crude Oil Tanker
413179000,Oil Products Tanker
413180000,Tanker
413181000,Oil Products Tanker
413182000,Oil Products Tanker
413183000,Crude Oil Tanker
413188000,Crude Oil Tanker
413192000,Bulk Carrier
413198000,Bulk Carrier
413207210,Cargo
413210050,General Cargo
413210920,Tanker
413216120,Bulk Carrier
413219590,Bulk Carrier
413219610,Bulk Carrier
413219630,Bulk Carrier
413219850,Cargo
413224880,Tanker B
413228060,Bulk Carrier
413228740,Tanker
413231460,Other Type
413234770,Bulk Carrier
413235390,Tug
413241940,Tanker B
413247480,Cargo A
413248420,Dredging or underwater ops
413255730,Tanker B
413256540,Cargo C
413258730,Oil/Chemical Tanker
413264580,Cargo
413268570,Tanker
413269000,Bulk Carrier
413279020,Bulk Carrier
413279040,Cargo
413283880,Cargo
413284510,Tanker
413289000,Research/Survey Vessel
413291230,Bulk Carrier
413296000,Other Type
413297610,Cargo
413298420,Cargo
413306090,Dredging or underwater ops
413311110,Tanker B
413314220,Bulk Carrier
413316440,Tanker B
413319840,Tanker
413332320,Bulk Carrier
413334020,Oil Products Tanker
413336530,Tanker
413337210,Dredging or underwater ops
413346120,Tanker B
413347470,Oil/Chemical Tanker
413349650,Tanker
413349820,General Cargo
413355360,Tug
413357420,Oil Products Tanker
413357430,Oil Products Tanker
413367780,Tanker B
413368050,Cargo
413369990,Bulk Carrier
413372000,Oil Products Tanker
413375480,Tanker B
413375810,Tanker C
413375920,Tanker
413376000,Bulk Carrier
413376430,Oil/Chemical Tanker
413376440,Oil/Chemical Tanker
413379840,Tanker B
413380750,Cargo A
413380760,Cargo D
413381180,Cargo A
413381220,Cargo
413381240,Cargo
413381250,Cargo A
413381280,Cargo A
413381290,Cargo B
413381440,Cargo A
413382220,Oil/Chemical Tanker
413383020,Tanker B
413384150,Tanker
413387260,Bulk Carrier
413387310,Tanker C
413388820,Cargo
413390180,Cargo
413393960,Tanker B
413395130,Tanker
413395340,Cargo
413395850,Cargo
413395870,Tanker
413398050,Cargo
413398440,Oil/Chemical Tanker
413398860,Tanker
413439730,Tanker B
413444880,Tanker
413446790,Cargo
413458310,General Cargo
413458780,Cargo
413464980,Tanker B
413468760,Tanker B
413468970,Cargo
413471050,General Cargo
413471590,Tanker B
413471950,General Cargo
413471960,Cargo
413471970,General Cargo
413472650,Tanker
413473010,Vehicles Carrier
413478230,Cargo
413479110,Cargo
413479970,Cargo
413489920,Cargo
413492450,Cargo
413492850,Cargo
413493080,Cargo
413493740,Other Type
413494710,Cargo
413494940,General Cargo
413495760,General Cargo
413495930,General Cargo
413499160,Oil/Chemical Tanker
413513510,Tanker
413518990,Cargo
413526060,Tanker
413527660,Tanker
413527910,Tanker
413529230,Tanker
413540360,Other Type
413541110,Tanker B
413541220,Tanker B
413542850,Tanker B
413542860,Tanker A
413543920,Cargo
413558470,Tanker B
413563030,Dredging or underwater ops
413563740,Tanker B
413568730,Tanker B
413569320,Cargo D
413569410,Tanker C
413572060,Tanker B
413573510,Tanker B
413574720,Tanker B
413574740,Oil/Chemical Tanker
413575330,Tanker B
413576520,Tanker B
413576650,Cargo
413576970,Cargo
413577360,Cargo
413577930,Cargo
413581230,Not available
413582450,Tanker C
413585030,Tanker A
413586730,Tanker D
413594260,Other Type
413602750,Cargo
413603590,Tanker
413605840,Tanker B
413607660,Tanker B
413607730,Tanker B
413607840,Tanker A
413607930,Cargo
413610290,Tanker B
413611150,Tanker C
413612930,Tanker
413616990,Cargo
413618120,Cargo
413621220,Tanker B
413624790,Tanker B
413686000,Bulk Carrier
413687000,Bulk Carrier
413689000,Oil Products Tanker
413692370,Cargo
413697020,Oil/Chemical Tanker
413701060,Container Ship
413701410,Cargo
413702160,Container Ship
413702170,Container Ship
413736000,Bulk Carrier
413770000,Oil Products Tanker
413835000,Crude Oil Tanker
413858000,Oil Products Tanker
413860000,Bulk Carrier
413880000,Crude Oil Tanker
413896000,Cargo
413941000,Cargo
413975000,Oil Products Tanker
413976000,Crude Oil Tanker
413980000,Bulk Carrier
413983000,Bulk Carrier
413985000,Cargo
413996000,Container Ship
414003000,Cargo
414007000,Cargo
414012000,Cargo
414017000,Heavy Lift Vessel
414028000,Bulk Carrier
414029000,Cargo
414031000,Bulk Carrier
414034000,Bulk Carrier
414037000,Bulk Carrier
414043000,Bulk Carrier
414044000,Bulk Carrier
414046000,Cargo
414048000,Cargo
414051000,Cargo
414055000,Bulk Carrier
414058000,Bulk Carrier
414060000,Tanker
414062000,Bulk Carrier
414065000,Cargo
414071000,Cargo
414072000,Cargo
414075000,Cargo
414076000,Cargo
414077000,Cargo
414084000,Heavy Lift Vessel
414092000,Cargo
414093000,Cargo
414098000,Cargo
414099000,Cargo
414108000,Bulk Carrier
414112000,Bulk Carrier
414149000,Bulk Carrier
414152000,Cargo
414165000,Cargo
414170000,Cargo
414171000,Cargo
414175000,Bulk Carrier
414178000,Cargo
414180000,Cargo
414195000,Container Ship
414208000,Tanker
414213000,Tanker
414214000,Tanker
414215000,Tanker
414225000,Cargo
414237000,Bulk Carrier
414240000,Container Ship
414246000,Container Ship
414249000,Vehicles Carrier
414258000,Cargo
414260000,Vehicles Carrier
414272000,Other Type
414276000,Vehicles Carrier
414289000,Bulk Carrier
414293000,Container Ship
414294000,Cargo
414310000,Container Ship
414317000,Vehicles Carrier
414326000,Tanker
414331000,Cargo
414333000,Container Ship
414334000,Container Ship
414340000,Bulk Carrier
414341000,Bulk Carrier
414346000,Container Ship
414352000,Bulk Carrier
414360000,Tanker
414362000,Container Ship
414365000,Container Ship
414380000,Bulk Carrier
414384000,Bulk Carrier
414388000,Bulk Carrier
414389000,Bulk Carrier
414392000,Bulk Carrier
414395000,Bulk Carrier
414404110,Cargo
414406000,Cargo
414413000,Bulk Carrier
414430000,Bulk Carrier
414432000,Bulk Carrier
414458000,Cargo
414461000,Tanker
414464000,Tanker
414474000,Tanker
414476000,Tanker
414480000,Tanker
414489000,Tanker
414490000,Tanker
414491000,Oil Products Tanker
414495000,Heavy Lift Vessel
414496000,Cargo
414500000,Bulk Carrier
414508000,Bulk Carrier
414512000,Bulk Carrier
414526000,Cargo
414534000,Bulk Carrier
414535000,Bulk Carrier
414538000,Bulk Carrier
414549000,Tanker
414553000,Cargo
414564000,Bulk Carrier
414567000,Bulk Carrier
414568000,Oil Products Tanker
414572000,Cargo
414576000,Bulk Carrier
414579000,Bulk Carrier
414580000,Bulk Carrier
414601000,Other Type
414610000,Bulk Carrier
414639000,Bulk Carrier
414647000,Bulk Carrier
414653000,Container Ship
414669000,Bulk Carrier
414670000,Tanker
414672000,Cargo A
414676000,Cargo D
414678000,Cargo
414685000,Cargo
414688000,Cargo D
414689000,Bulk Carrier
414697000,Cargo
414700000,Cargo
414701000,Bulk Carrier
414702000,Cargo
414705000,Crude Oil Tanker
414706000,Cargo
414712000,Bulk Carrier
414713000,Cargo C
414715000,Cargo
414718000,Cargo
414720000,Crude Oil Tanker
414725000,Cargo
414726000,Training Ship
414729000,Crude Oil Tanker
414730000,Cargo
414731000,Crude Oil Tanker
414732000,Crude Oil Tanker
414734000,Crude Oil Tanker
414736000,Cargo
414740000,Bulk Carrier
414741000,Crude Oil Tanker
414746000,Crude Oil Tanker
414748000,Crude Oil Tanker
414751000,Cargo
414755000,Cargo
414775000,Cargo
414777000,Cargo
414779000,Cargo
414780000,Cargo
414791000,Bulk Carrier
414793000,Cargo B
414798000,Cargo
414799000,Cargo
414806000,Cargo A
414807000,Cargo A
414808000,Cargo A
414811000,Bulk Carrier
414816000,Cargo
414821000,Cargo D
414829000,Tanker
414836000,Tanker
414842000,Cargo A
414849000,Cargo D
414850000,Cargo D
414877000,Cargo D
414903000,Cargo A
414906000,Cargo A
414923000,Crude Oil Tanker
414931000,Container Ship
414942000,Cargo
414969000,Cargo
414988000,Cargo
414990000,Cargo
414999000,Cargo
416001900,Cargo
416006763,Fishing
416008874,Fishing
416030000,Cargo
416031000,Cargo D
416034000,Cargo D
416035000,Cargo D
416036000,Cargo D
416037000,Cargo D
416038000,Cargo D
416039000,Cargo D
416040000,Cargo D
416051000,Cargo
416056000,Cargo
416070000,Cargo D
416071000,Cargo D
416072000,Tanker B
416085000,Reserved for future use
416111600,Fishing
416189700,Fishing
416308000,Reefer
416340000,Container Ship
416426000,Container Ship
416427000,Container Ship
416428000,Container Ship
416429000,Container Ship
416463000,Bulk Carrier
416466000,Container Ship
416468000,Container Ship
416481000,Container Ship
416482000,Container Ship
416487000,Container Ship
416495000,Container Ship
416498000,Cargo D
416509000,Container Ship
416803000,Fishing
417222405,Cargo
417222410,Cargo
419000202,Bulk Carrier
419000368,Military ops
419001016,Cargo
419001087,Tanker
419001163,Cargo
419001168,Cargo
419001180,Bulk Carrier
419001217,Bulk Carrier
419001223,Crude Oil Tanker
419001227,Bulk Carrier
419001245,Crude Oil Tanker
419001268,Crude Oil Tanker
419001351,Bulk Carrier
419001562,Oil Products Tanker
419001584,Crude Oil Tanker
419001597,Cargo
419001624,Oil Products Tanker
419001629,Bulk Carrier
419001684,Oil Products Tanker
419001696,Diving ops
419001709,Lpg Tanker
419001712,Oil Products Tanker
419001713,Oil/Chemical Tanker
419001748,Tug
419001835,Bulk Carrier
419001853,Oil/Chemical Tanker
419001859,Cargo
419001940,Oil/Chemical Tanker
419001959,Crude Oil Tanker
419001978,Cargo
419001997,Oil/Chemical Tanker
419002038,Oil Products Tanker
419002041,Tanker
419002042,Crude Oil Tanker
419002043,Bulk Carrier
419002044,Bulk Carrier
419002049,Cargo A
419002050,Other Type
419002053,Lpg Tanker
419002055,Oil/Chemical Tanker
419002059,Tanker
419002062,High speed craft
419002072,Cargo A
419095800,Oil Products Tanker
419099500,Bulk Carrier
419652000,Bulk Carrier
419686000,Oil/Chemical Tanker
419746000,Oil Products Tanker
419756000,Crude Oil Tanker
419758000,Crude Oil Tanker
419759000,Tanker
419765000,Oil Products Tanker
419766000,Oil Products Tanker
419794000,Crude Oil Tanker
419795000,Crude Oil Tanker
419796000,Oil Products Tanker
422027500,Container Ship
422031200,Container Ship
422031300,Container Ship
422031500,Container Ship
422031600,Container Ship
422031700,Container Ship
422032200,Container Ship
422032300,Container Ship
422032400,General Cargo
422032700,Container Ship
422034300,Bulk Carrier
422034900,Bulk Carrier
422035100,Bulk Carrier
422035200,Bulk Carrier
422035300,Bulk Carrier
422035400,Bulk Carrier
422035600,Bulk Carrier
422036600,Bulk Carrier
422036800,Bulk Carrier
422037100,Bulk Carrier
422037300,Cargo
422038400,Crude Oil Tanker
422038600,General Cargo
422039600,Bulk Carrier
422039900,Bulk Carrier
422040200,Bulk Carrier
422040500,Cargo
422040700,Bulk Carrier
422040800,Bulk Carrier
422040900,Bulk Carrier
422041200,Bulk Carrier
422042200,Bulk Carrier
422050100,Bulk Carrier
422050300,Bulk Carrier
422153400,Cargo A
422153500,Cargo D
422154100,Cargo B
422154200,Cargo
422160400,Crude Oil Tanker
422160500,Crude Oil Tanker
422173000,Crude Oil Tanker
422199900,Crude Oil Tanker
422200400,Crude Oil Tanker
422200600,Crude Oil Tanker
422201300,Crude Oil Tanker
422201500,Crude Oil Tanker
422201700,Crude Oil Tanker
422204100,Crude Oil Tanker
422204700,Crude Oil Tanker
422206700,Tanker
422206900,Crude Oil Tanker
422207100,Tanker
422207500,Crude Oil Tanker
422208100,Tanker
422208300,Crude Oil Tanker
422209500,Crude Oil Tanker
422209700,Tanker
422209800,Crude Oil Tanker
422210100,Crude Oil Tanker
422213600,Tanker
422215800,Crude Oil Tanker
422215900,Crude Oil Tanker
422219000,Crude Oil Tanker
422220000,Crude Oil Tanker
422221000,Tanker
422229000,Crude Oil Tanker
422230000,Crude Oil Tanker
422231000,Crude Oil Tanker
422233000,Crude Oil Tanker
422905000,Container Ship
422976600,Crude Oil Tanker
431005000,Tanker
431013000,Vehicles Carrier
431014000,Bulk Carrier
431024000,Vehicles Carrier
431027000,Container Ship
431042000,Container Ship
431045000,Wood Chips Carrier
431048000,Tanker
431051000,Bulk Carrier
431057000,Crude Oil Tanker
431073000,Cargo B
431082000,Vehicles Carrier
431098000,Cargo
431113000,Bulk Carrier
431114000,Tanker
431126000,Container Ship
431151000,Bulk Carrier
431153000,Cargo
431172000,Vehicles Carrier
431177000,Tanker B
431189000,Vehicles Carrier
431200000,Tanker
431201000,Reefer
431209000,Cargo
431218000,Tanker
431220000,Vehicles Carrier
431221000,Vehicles Carrier
431232000,Tanker
431238000,Crude Oil Tanker
431241000,Cargo A
431256000,General Cargo
431260000,Cargo D
431262000,Cargo
431264000,Ore Carrier
431288000,Cargo
431312000,Vehicles Carrier
431339000,Vehicles Carrier
431349000,Vehicles Carrier
431350000,Container Ship
431352000,Vehicles Carrier
431353000,Tanker
431374000,Cargo
431375000,Tanker
431385000,Tanker
431386000,Tanker
431396000,Cargo
431398000,Bulk Carrier
431405000,Ore Carrier
431421000,Bulk Carrier
431449000,Bulk Carrier
431464000,Cargo
431468000,Vehicles Carrier
431476000,Cargo
431479000,Container Ship
431482000,Reefer
431519000,Cargo
431534000,Vehicles Carrier
431540000,Tanker
431546000,Vehicles Carrier
431552000,Cargo
431556000,Vehicles Carrier
431557000,Vehicles Carrier
431563000,Ore Carrier
431570000,Cargo
431573000,Vehicles Carrier
431585000,Vehicles Carrier
431605000,Vehicles Carrier
431614000,Cargo
431618000,Tanker
431637000,Vehicles Carrier
431639000,Tanker
431640000,Cargo
431647000,Vehicles Carrier
431648000,Tanker
431651000,Cargo
431653000,Lpg Tanker
431654000,Cargo
431658000,Vehicles Carrier
431660000,Tanker
431662000,Tanker
431678000,Reefer
431695000,Vehicles Carrier
431705000,Tanker
431710000,Container Ship
431718000,Vehicles Carrier
431740000,Vehicles Carrier
431745000,Cargo
431747000,Vehicles Carrier
431756000,Crude Oil Tanker
431766000,Vehicles Carrier
431767000,Tanker
431776000,Tanker
431777000,Vehicles Carrier
431787000,Cargo A
431792000,Cargo
431793000,Cargo
431808000,Cargo A
431810000,Cargo
431814000,Vehicles Carrier
431816000,Vehicles Carrier
431824000,Cargo
431830000,Cargo
431832000,Bulk Carrier
431837000,Tanker
431839000,Vehicles Carrier
431843000,Chemical Tanker
431846000,Cargo
431858000,Vehicles Carrier
431860000,Bulk Carrier
431868000,Vehicles Carrier
431877000,Tanker
431878000,Oil/Chemical Tanker
431881000,Vehicles Carrier
431884000,Tanker
431888000,Cargo
431912000,Vehicles Carrier
431929000,Cargo C
431934000,Vehicles Carrier
431938000,Crude Oil Tanker
431981000,Cargo
431986000,Cargo
431987000,Vehicles Carrier
431989000,Cargo C
431996000,Wood Chips Carrier
431999654,Other Type
432470000,Training Ship
432622000,Wood Chips Carrier
432624000,Vehicles Carrier
432629000,Vehicles Carrier
432633000,Vehicles Carrier
432651000,Vehicles Carrier
432664000,Vehicles Carrier
432669000,Cargo
432707000,Tanker
432714000,Ore Carrier
432716000,Vehicles Carrier
432717000,Cargo
432722000,Vehicles Carrier
432723000,Vehicles Carrier
432729000,Vehicles Carrier
432734000,Vehicles Carrier
432752000,Bulk Carrier
432767000,Bulk Carrier
432783000,Vehicles Carrier
432803000,Vehicles Carrier
432831000,Crude Oil Tanker
432839000,Vehicles Carrier
432853000,Bulk Carrier
432870000,Bulk Carrier
432875000,Bulk Carrier
432876000,Bulk Carrier
432882000,Ore Carrier
432886000,Ore Carrier
432898000,Bulk Carrier
432902000,Ore Carrier
432935000,Lng Tanker
432937000,Bulk Carrier
432974000,Cargo
432982000,Bulk Carrier
432986000,Crude Oil Tanker
432992000,Cargo
432996000,Cargo
440009000,Container Ship
440010000,Oil/Chemical Tanker
440014000,Reefer
440018000,Lpg Tanker
440019000,Bulk Carrier
440020000,Oil/Chemical Tanker
440023000,Cargo
440030000,Cargo
440034000,Oil/Chemical Tanker
440037000,Tanker
440039000,Ore Carrier
440047000,Oil/Chemical Tanker
440058000,Vehicles Carrier
440061000,Cargo A
440073000,Cargo
440091000,Bulk Carrier
440093000,Vehicles Carrier
440102000,Cargo
440104000,Vehicles Carrier
440112000,Cargo A
440118000,Bulk Carrier
440122000,Oil/Chemical Tanker
440138000,Tanker
440145000,Oil/Chemical Tanker
440147000,Container Ship
440150000,Tanker
440152000,Bulk Carrier
440162000,Container Ship
440163000,Oil/Chemical Tanker
440172000,Cargo
440176000,Container Ship
440177000,Oil/Chemical Tanker
440185000,Cargo A
440193000,Ore Carrier
440202000,Cargo
440204000,Vehicles Carrier
440205000,Oil/Chemical Tanker
440209000,Cargo
440211000,Oil/Chemical Tanker
440223000,Cargo
440225000,Oil/Chemical Tanker
440238000,Bulk Carrier
440240000,Oil/Chemical Tanker
440241000,Oil/Chemical Tanker
440242000,Oil/Chemical Tanker
440245000,Vehicles Carrier
440247000,Oil/Chemical Tanker
440249000,Cargo
440250000,Oil/Chemical Tanker
440254000,Cargo
440255000,Cargo
440257000,Cargo
440258000,Cargo
440260000,Cargo
440265000,Tanker
440266000,Tanker
440269000,Cargo
440271000,Tanker
440272000,Tanker
440274000,Tanker
440279000,Container Ship
440283000,Pleasure Craft
440285000,Oil/Chemical Tanker
440287000,Container Ship
440288000,Cargo
440293000,Bulk Carrier
440295000,Tanker C
440304000,Oil/Chemical Tanker
440308000,Oil/Chemical Tanker
440313000,Cargo
440314000,Cargo
440319000,Bulk Carrier
440321000,Cargo
440322000,Oil/Chemical Tanker
440325000,Oil/Chemical Tanker
440326000,Cargo
440329000,Cargo
440330000,Container Ship
440331000,Tanker
440332000,Tanker
440340000,Cargo
440342000,Container Ship
440343000,Oil/Chemical Tanker
440348000,Cargo
440350000,Cargo
440354000,Cargo
440355000,Cargo
440361000,Cargo
440363000,Cargo
440367000,Vehicles Carrier
440378000,Cargo A
440384000,Lpg Tanker
440390000,Cargo
440420000,Oil/Chemical Tanker
440438000,Oil/Chemical Tanker
440448000,Container Ship
440468000,Vehicles Carrier
440482000,Oil/Chemical Tanker
440486000,Cargo
440487000,Cargo
440488000,Cargo
440489000,Cargo
440493000,Container Ship
440494000,Bulk Carrier
440527000,Oil/Chemical Tanker
440536000,Cargo
440539000,Ro-Ro Cargo
440567000,Container Ship
440585000,Container Ship
440607000,General Cargo
440610000,Bulk Carrier
440614000,Lpg Tanker
440657000,Cargo
440687000,Bulk Carrier
440691000,Tanker
440694000,Vehicles Carrier
440696000,Asphalt/Bitumen Tanker
440698000,Cargo
440709000,Bulk Carrier
440714000,Fishing Vessel
440716000,Cargo D
440725000,Cargo
440728000,Container Ship
440761000,Cargo A
440764000,Container Ship
440797000,Vehicles Carrier
440800578,Sailing
440838000,Container Ship
440842000,Oil/Chemical Tanker
440880000,Cargo
440897000,Bulk Carrier
440906000,Cargo
440981000,Cargo
440996000,Tanker C
441005000,General Cargo
441006000,General Cargo
441027000,Oil/Chemical Tanker
441041000,Cargo
441058000,Cargo
441099000,Tanker
441100000,Lpg Tanker
441102000,Oil/Chemical Tanker
441128000,Oil/Chemical Tanker
441133000,Vehicles Carrier
441148000,Vehicles Carrier
441151000,---
441156000,Vehicles Carrier
441157000,Cargo
441162000,Cargo
441164000,Oil/Chemical Tanker
441168000,Vehicles Carrier
441188000,Vehicles Carrier
441200000,Vehicles Carrier
441205000,Crude Oil Tanker
441209000,Oil/Chemical Tanker
441210000,Oil/Chemical Tanker
441225000,Cargo D
441243000,Oil/Chemical Tanker
441244000,Tanker
441248000,Cargo A
441252000,Cargo
441265000,Bulk Carrier
441293000,Container Ship
441301000,Bulk Carrier
441302000,Vehicles Carrier
441310000,Ro-Ro/Passenger Ship
441318000,Oil/Chemical Tanker
441331000,Cargo
441343000,Container Ship
441344000,Vehicles Carrier
441370000,Bulk Carrier
441386000,Oil/Chemical Tanker
441392000,Cargo
441393000,Tanker B
441395000,Tanker B
441396000,Tanker
441397000,Cargo
441398000,Container Ship
441400000,Tanker
441401000,Container Ship
441402000,Bulk Carrier
441414000,Oil/Chemical Tanker
441421000,Cargo A
441423000,Bulk Carrier
441441000,Oil/Chemical Tanker
441450000,Crude Oil Tanker
441467000,Vehicles Carrier
441486000,Container Ship
441504000,Oil/Chemical Tanker
441548000,Container Ship
441595000,Oil/Chemical Tanker
441601000,Oil/Chemical Tanker
441612000,Cargo
441617000,Tanker
441642000,Bulk Carrier
441661000,Chemical Tanker
441668000,Cargo
441698000,Bulk Carrier
441702000,Container Ship
441708000,Bulk Carrier
441722000,Vehicles Carrier
441736000,Container Ship
441763000,Bulk Carrier
441783000,General Cargo
441809000,Oil/Chemical Tanker
441823000,Bulk Carrier
441824000,Bulk Carrier
441830000,Tanker
441838000,General Cargo
441843812,Tanker
441888000,Not available
441898000,Oil/Chemical Tanker
441904000,Cargo
441927000,Oil/Chemical Tanker
441933000,Container Ship
441939000,Tanker
441945992,NOT_FOUND
441946000,Heavy Load Carrier
441947000,Vehicles Carrier
441981000,Container Ship
441984000,Oil/Chemical Tanker
447025000,Crude Oil Tanker
447097000,Crude Oil Tanker
447131000,Crude Oil Tanker
447143000,Crude Oil Tanker
447152000,Tanker
447161000,Lpg Tanker
447163000,Crude Oil Tanker
447184000,Crude Oil Tanker
447188000,Tanker
447189000,Tanker
447190000,Crude Oil Tanker
447273000,Tanker D
447274000,Tanker
447275000,Tanker
447305000,Tanker
455476000,Reserved for future use
457193000,Bulk Carrier
457242000,General Cargo
457282322,Dredging or underwater ops
457354000,Cargo
457357000,Oil Products Tanker
457419000,Tanker
457421000,Tanker
457448000,Tanker
457474000,Oil Products Tanker
457498000,Tanker
457504000,Other Type
457507000,Tug
457550000,Other Type
457558000,Cargo
457578000,Not available
457580000,Not available
457586000,Other Type
457594000,Tug
457608000,Oil Products Tanker
457611000,Tug
457614000,Tanker
457622000,Cargo
457641000,Cargo
457651000,Cargo
457653000,Tanker
457900828,Bunkering Tanker
457900852,Passenger
457900874,Reefer
457900885,Tanker
461000152,Fishing
461000232,Crude Oil Tanker
461000234,Crude Oil Tanker
461000235,Crude Oil Tanker
461000242,Crude Oil Tanker
461000246,Crude Oil Tanker
461000247,Crude Oil Tanker
461000253,Crude Oil Tanker
461000255,Crude Oil Tanker
461001000,Yacht
463037101,Bulk Carrier
463043101,Bulk Carrier
463046101,Bulk Carrier
463065101,Oil Products Tanker
463075101,Crude Oil Tanker
466012000,Tanker
466543000,Container Ship
466592080,Pleasure Craft
470891302,Tug
471198000,Cargo
471201000,Cargo
477001700,Container Ship
477002200,Cargo A
477002400,Tanker
477002500,Cargo
477004100,Tanker
477004600,Container Ship
477006500,Cargo
477007300,Heavy Load Carrier
477007600,Crude Oil Tanker
477009000,Oil/Chemical Tanker
477010200,Cargo
477010700,Cargo
477010800,Cargo
477010900,Tanker
477013300,Bulk Carrier
477013900,Tanker
477015100,Cargo
477015400,Cargo A
477015500,Cargo A
477015600,Cargo A
477015700,Crude Oil Tanker
477015800,Cargo
477015900,Cargo A
477016200,General Cargo
477016900,Container Ship
477017500,Oil/Chemical Tanker
477019600,Bulk Carrier
477020200,Container Ship
477020400,Container Ship
477021500,Tanker
477021600,Tanker
477021700,Cargo
477021800,Cargo
477021900,Cargo
477023100,Cargo
477023200,Cargo
477023300,Bulk Carrier
477023700,Tanker
477024800,Container Ship
477025600,Cargo A
477025700,Cargo A
477025800,Cargo
477027300,Cargo
477027500,Cargo
477027700,Tanker
477030700,Container Ship
477035200,Cargo
477035300,Tanker
477035800,Cargo A
477035900,Tanker
477036600,Container Ship
477043900,Oil/Chemical Tanker
477045100,Tanker
477045500,Cargo
477045700,General Cargo
477045800,Tanker
477046800,Bulk Carrier
477049100,Oil/Chemical Tanker
477049600,Crude Oil Tanker
477049800,Bulk Carrier
477050400,Bulk Carrier
477050800,Bulk Carrier
477050900,Cargo
477054000,Bulk Carrier
477056600,Container Ship
477057400,Cargo
477057500,Cargo
477057700,Tanker
477058500,Oil Products Tanker
477062000,Container Ship
477065200,Container Ship
477067100,Cargo
477067400,Cargo
477067600,Oil/Chemical Tanker
477067800,Cargo
477070800,Container Ship
477076300,Container Ship
477076700,Lpg Tanker
477077700,Container Ship
477077800,Container Ship
477078100,Cargo
477078300,Cargo
477078500,Cargo
477081300,Tanker B
477083500,Tanker
477083600,Tanker
477083700,Container Ship
477085200,Cargo
477085400,Cargo
477087800,Bulk Carrier
477089300,Oil Products Tanker
477091400,Bulk Carrier
477091600,Cargo
477095600,Crude Oil Tanker
477096100,Bulk Carrier
477096200,Tanker D
477096600,Cargo
477096900,Bulk Carrier
477097400,Container Ship
477098100,Bulk Carrier
477098300,Bulk Carrier
477098900,Cargo
477099500,Bulk Carrier
477099600,Lpg Tanker
477100100,Tanker
477100200,Tanker
477100300,Cargo B
477100400,Cargo D
477100500,Tanker
477100700,Tanker B
477103800,Cargo B
477105400,Bulk Carrier
477105700,Oil Products Tanker
477107100,Bulk Carrier
477108200,Oil Products Tanker
477108300,Oil/Chemical Tanker
477108400,Crude Oil Tanker
477112100,Cargo
477113100,Cargo A
477113200,Oil/Chemical Tanker
477113300,General Cargo
477113400,Oil/Chemical Tanker
477113500,Cargo
477113700,Cargo
477113900,Bulk Carrier
477115300,Tanker
477116600,Cargo
477116700,Cargo
477116800,Cargo
477117300,Cargo
477117500,Oil/Chemical Tanker
477117800,Oil/Chemical Tanker
477118200,Tanker
477118600,Cargo A
477118800,Ore Carrier
477118900,Ore Carrier
477121100,Container Ship
477121200,Cargo D
477123200,Oil/Chemical Tanker
477123400,Crude Oil Tanker
477123700,Bulk Carrier
477123800,Bulk Carrier
477123900,Cargo
477124100,Tanker
477124200,Bulk Carrier
477127100,Crude Oil Tanker
477127300,Crude Oil Tanker
477127900,Cargo A
477128300,Cargo
477128500,Oil/Chemical Tanker
477128800,Cargo D
477129300,Cargo
477129400,Tanker
477129500,Tanker B
477129700,Tanker
477129800,Tanker
477133400,Cargo
477133500,Cargo
477133600,Chemical Tanker
477133700,Container Ship
477133900,Bulk Carrier
477134200,Cargo
477134600,Oil/Chemical Tanker
477134700,Cargo A
477134800,Tanker
477134900,Cargo
477135400,Bulk Carrier
477135600,Container Ship
477135800,Bulk Carrier
477137100,General Cargo
477137400,Cargo
477137600,Tanker
477138100,Cargo A
477138300,General Cargo
477138400,Tanker
477138700,Tanker
477139100,Cargo A
477139400,Bulk Carrier
477139500,Cargo
477139600,Cargo
477139700,Cargo
477139900,Cargo A
477140100,Cargo
477140200,Cargo
477140400,Bulk Carrier
477141600,Oil/Chemical Tanker
477141700,Heavy Lift Vessel
477142100,Tanker
477142500,Tanker D
477142900,Cargo
477144700,Container Ship
477145500,Crude Oil Tanker
477145600,Cargo
477145800,Crude Oil Tanker
477147100,Tanker
477147400,Cargo
477147600,Cargo D
477147800,Cargo
477148100,Tanker
477148700,Cargo D
477148800,Cargo A
477148900,Cargo
477149200,Cargo
477149400,Crude Oil Tanker
477149500,Tanker
477149600,Cargo
477149900,Cargo
477150200,Tanker B
477150300,Cargo
477150800,Cargo
477151200,Cargo
477151300,Bulk Carrier
477151700,Tanker
477151900,Cargo
477153100,Cargo
477153500,Tanker
477153600,Cargo
477154200,Cargo
477154300,Cargo
477154500,Cargo
477154600,Cargo
477154700,Cargo A
477155100,Cargo
477155200,Cargo
477155300,Crude Oil Tanker
477155400,Cargo
477155500,Cargo
477156300,Tanker
477156400,Crude Oil Tanker
477157200,Tanker
477157400,Cargo A
477157500,Cargo
477157600,Cargo
477157700,Cargo A
477157800,Cargo A
477158700,Container Ship
477159100,Cargo A
477159400,Cargo
477159500,Tanker
477159600,Cargo
477159700,Cargo
477160100,General Cargo
477162700,Cargo
477162900,Cargo
477163300,Bulk Carrier
477163900,Oil/Chemical Tanker
477165100,Oil/Chemical Tanker
477165300,Bulk Carrier
477165500,Not available
477165900,Bulk Carrier
477166500,Cargo A
477167100,Bulk Carrier
477167400,Bulk Carrier
477168200,Cargo
477168300,Tanker D
477168400,Cargo A
477168500,Tanker
477168700,Cargo
477168800,Cargo
477168900,Cargo A
477172200,Tanker B
477172600,Cargo
477172700,Cargo A
477173100,Bulk Carrier
477173200,Crude Oil Tanker
477174100,Crude Oil Tanker
477174300,General Cargo
477176300,Bulk Carrier
477176600,Cargo
477177200,Cargo
477178100,Tanker
477178200,Container Ship
477178400,Container Ship
477178500,Ore Carrier
477178800,Cargo
477180300,Cargo
477180500,General Cargo
477180600,Cargo
477181600,Tanker
477181700,Cargo
477183400,Cargo
477183600,Cargo
477183800,Cargo A
477184100,Cargo
477184700,Cargo
477184800,Cargo
477185200,Oil Products Tanker
477185400,Oil/Chemical Tanker
477186300,Crude Oil Tanker
477189700,Container Ship
477191100,Tanker
477191200,Cargo
477191300,Cargo
477191600,Cargo
477191700,General Cargo
477191800,Tanker
477191900,Tanker
477192100,Crude Oil Tanker
477192200,Cargo
477193700,Cargo
477194100,Cargo A
477194400,Cargo A
477194600,Cargo A
477194800,Cargo A
477195600,Bulk Carrier
477196100,Bulk Carrier
477196300,Cargo
477197600,Bulk Carrier
477197900,Bulk Carrier
477201800,Oil Products Tanker
477202100,Cargo
477202200,Tanker
477202300,Cargo
477203300,Cargo A
477203800,Bulk Carrier
477204200,Bulk Carrier
477204400,Tanker
477205500,Cargo
477206500,Crude Oil Tanker
477211800,Cargo
477213400,Container Ship
477213700,General Cargo
477217800,Crude Oil Tanker
477218200,Tanker
477219100,Cargo
477219800,Tanker
477219900,Container Ship
477220100,Container Ship
477220800,Cargo
477222100,Bulk Carrier
477222700,Container Ship
477224600,Cargo
477225700,Tanker B
477226000,Oil/Chemical Tanker
477229400,Container Ship
477230500,Cargo
477231500,Cargo
477231700,Tanker
477232200,Cargo
477232500,Cargo
477232700,Cargo
477232800,Cargo A
477232900,Cargo
477233200,Cargo
477233400,Tanker
477233500,Tanker
477233600,Cargo
477234300,Cargo
477234700,Cargo
477234900,Cargo
477237200,Oil/Chemical Tanker
477237300,Cargo
477237400,Tanker
477237500,Cargo
477237700,Bulk Carrier
477237900,Bulk Carrier
477241500,Lpg Tanker
477241900,Bulk Carrier
477242700,Crude Oil Tanker
477242800,Crude Oil Tanker
477242900,Crude Oil Tanker
477243500,Bulk Carrier
477243800,Oil/Chemical Tanker
477244100,Cargo
477244400,Cargo
477244800,Cargo
477250400,Bulk Carrier
477252500,Cargo
477252900,Cargo
477257200,Crude Oil Tanker
477257400,Tanker B
477266800,Container Ship
477269300,Cargo A
477269400,Cargo A
477269500,Tanker
477269600,Cargo
477271700,Cargo
477271800,Cargo
477274100,Oil/Chemical Tanker
477274200,Oil/Chemical Tanker
477274400,Container Ship
477274600,Tanker
477276200,Cargo
477276800,Bulk Carrier
477282300,Container Ship
477282900,Container Ship
477286500,Cargo
477286700,Cargo
477286800,Cargo
477286900,Cargo
477289300,Cargo
477293100,Container Ship
477293600,Bulk Carrier
477293800,Chemical Tanker
477296900,Bulk Carrier
477300200,Cargo
477300300,Tanker B
477300600,Cargo
477300900,Tanker
477301600,Cargo
477302600,Container Ship
477302800,Container Ship
477302900,Cargo A
477308100,Cargo A
477311200,Bulk Carrier
477311600,Container Ship
477312400,Vehicles Carrier
477312500,Cargo
477312700,Cargo
477314600,Cargo
477314700,Cargo
477317300,Cargo
477317700,Bulk Carrier
477318100,Cargo
477318200,Cargo A
477318800,Tanker
477318900,Tanker
477319100,General Cargo
477319700,Cargo
477325300,Bulk Carrier
477325600,Bulk Carrier
477325800,General Cargo
477326100,Cargo
477326600,Cargo
477327700,Cargo
477327800,Cargo
477327900,Tanker
477333200,Cargo
477333500,Cargo
477333700,Cargo
477333800,Tanker
477335300,Cargo
477340400,Oil Products Tanker
477340500,Bulk Carrier
477345400,Bulk Carrier
477345600,Tanker D
477345900,Cargo A
477346200,Cargo
477346700,Tanker B
477346900,Other Type
477347100,Cargo
477347500,Cargo
477347600,Bulk Carrier
477348200,Cargo
477348300,Cargo A
477348600,Tanker
477351200,Bulk Carrier
477351300,Oil/Chemical Tanker
477351500,Bulk Carrier
477353300,Bulk Carrier
477353500,Bulk Carrier
477369300,Tanker
477369500,Cargo
477369900,Cargo A
477372100,Cargo
477372200,Bulk Carrier
477372400,Tanker
477372500,Crude Oil Tanker
477387200,Bulk Carrier
477387300,Cargo
477387400,Bulk Carrier
477387600,Container Ship
477390300,Container Ship
477390500,Tanker
477392400,Cargo
477397100,Bulk Carrier
477397200,Cargo
477399500,Heavy Lift Vessel
477401400,Crude Oil Tanker
477406000,Cargo A
477410100,Bulk Carrier
477410300,Oil/Chemical Tanker
477410800,Cargo
477410900,Cargo
477413700,Cargo
477423100,Container Ship
477423300,Bulk Carrier
477423800,Container Ship
477424600,Container Ship
477424900,Bulk Carrier
477427300,Bulk Carrier
477427600,Cargo
477430300,Tanker
477434200,Container Ship
477435300,Bulk Carrier
477435600,General Cargo
477439400,Tanker
477439500,Cargo
477439600,Cargo
477439800,Tanker
477441200,Cargo
477444200,Bulk Carrier
477444300,Bulk Carrier
477444800,Bulk Carrier
477454100,Cargo D
477454300,Bulk Carrier
477454700,Cargo A
477454800,Cargo
477455300,Cargo
477455400,Bulk Carrier
477455600,Asphalt/Bitumen Tanker
477462300,Crude Oil Tanker
477463400,Cargo A
477463500,Container Ship
477463900,Oil Products Tanker
477464100,Bulk Carrier
477464400,Container Ship
477464900,Cargo
477466500,Cargo
477466800,Cargo
477466900,Cargo
477468200,Cargo A
477468500,Cargo
477468600,Cargo
477468900,Cargo
477476200,Cargo
477476400,Tanker
477476600,Oil/Chemical Tanker
477476700,Oil/Chemical Tanker
477476800,Cargo A
477477300,Cargo
477477500,Cargo
477477900,Crude Oil Tanker
477478800,Cargo D
477486400,Oil/Chemical Tanker
477493300,Bulk Carrier
477493700,Tanker B
477493800,Cargo
477504900,Container Ship
477510300,Ore Carrier
477510400,Ore Carrier
477510500,Cargo
477518500,Cargo
477518900,Lng Tanker
477521300,Cargo A
477521400,Cargo
477524100,Cargo A
477524400,Cargo
477524500,Cargo
477524700,Cargo D
477524900,Cargo
477527900,Cargo
477528700,Tanker
477535600,Tanker
477537900,Cargo
477538200,Oil/Chemical Tanker
477538300,Cargo
477538400,Oil/Chemical Tanker
477539600,Cargo
477541100,Container Ship
477541700,Tanker
477547800,Asphalt/Bitumen Tanker
477548400,Cargo
477548500,Cargo
477548800,Tanker
477550600,Crude Oil Tanker
477581500,Tanker C
477584100,Tanker
477584200,Tanker D
477584700,Tanker
477585600,Crude Oil Tanker
477591200,Cargo
477591700,Cargo
477591900,Oil/Chemical Tanker
477594500,Oil Products Tanker
477594900,Cargo A
477598100,Bulk Carrier
477598900,Oil/Chemical Tanker
477608600,Bulk Carrier
477612100,Cargo
477612200,Container Ship
477614300,Bulk Carrier
477614600,Ore Carrier
477614900,Bulk Carrier
477615100,Cargo
477615500,Oil/Chemical Tanker
477615700,Tanker
477615900,Cargo
477616000,Container Ship
477617800,Cargo
477620100,Cargo
477620800,Cargo
477620900,Tanker
477621300,Crude Oil Tanker
477624100,Container Ship
477624500,Cargo
477625500,Cargo
477625600,Cargo A
477625800,Cargo
477627800,Container Ship
477627900,Container Ship
477628100,Bulk Carrier
477629100,Cargo
477629200,Cargo
477629300,Cargo
477629500,Cargo A
477629800,Tanker
477630300,Cargo
477630600,Cargo
477630800,Cargo
477631400,Oil/Chemical Tanker
477632100,Oil/Chemical Tanker
477632500,Cargo
477633300,Bulk Carrier
477636800,Cargo
477636900,Cargo
477637100,Cargo
477637200,Tanker B
477637300,Cargo
477637400,Cargo
477637500,Cargo
477637700,Cargo
477637800,Cargo
477638300,Bulk Carrier
477638800,General Cargo
477639800,Tanker
477641300,Cargo
477641600,Ore Carrier
477641900,General Cargo
477642100,Cargo D
477642400,Container Ship
477642500,Container Ship
477642800,Oil/Chemical Tanker
477648200,Tanker
477648500,Bulk Carrier
477648600,Cargo
477652200,Crude Oil Tanker
477652300,Container Ship
477654600,Cargo
477654700,Cargo
477654800,Tanker
477655100,Bulk Carrier
477655700,Container Ship
477655800,Container Ship
477656800,Oil Products Tanker
477661600,Bulk Carrier
477664100,Cargo
477664400,Tanker B
477664500,Cargo
477664700,Cargo
477664900,Tanker
477665100,Cargo
477665700,Cargo
477669500,Cargo
477680200,Bulk Carrier
477681300,Cargo
477681400,Cargo
477684100,Cargo
477684300,Oil/Chemical Tanker
477684400,Cargo
477685300,Container Ship
477685600,General Cargo
477685900,Oil/Chemical Tanker
477686100,Tanker
477686800,Cargo
477690700,Container Ship
477691800,Lpg Tanker
477692200,Tanker
477692800,Tanker B
477694500,Oil Products Tanker
477694900,Cargo
477696200,Cargo
477696400,Cargo
477696500,Cargo
477696900,Cargo
477698300,Tanker B
477698600,Cargo A
477698700,Cargo D
477699100,Tanker
477699800,Cargo
477700900,Bulk Carrier
477702000,Container Ship
477704000,Container Ship
477706400,Cargo
477706600,Cargo
477708200,Cargo
477708600,Cargo
477708700,Cargo
477708800,Cargo
477708900,Tanker
477711400,General Cargo
477711700,Tanker
477711900,Bulk Carrier
477712200,Cargo
477712400,Cargo A
477712800,Cargo A
477712900,Crude Oil Tanker
477713400,Cargo
477714200,Cargo
477714500,Crude Oil Tanker
477714700,Cargo
477714800,Cargo
477716100,Cargo A
477716300,Tanker
477716400,Cargo
477716600,Cargo
477716700,Cargo
477716800,Cargo
477716900,Cargo
477717100,Cargo
477717300,Cargo
477717600,Cargo
477717900,Tanker
477721400,Cargo
477722200,Cargo
477722300,Cargo
477723100,Tanker
477723300,Tanker
477723400,Bulk Carrier
477723500,Bulk Carrier
477723600,Cargo
477723700,Cargo
477723800,Cargo
477726100,Bulk Carrier
477726700,Bulk Carrier
477726800,Bulk Carrier
477728200,Tanker
477728300,Bulk Carrier
477728400,Container Ship
477730300,Cargo
477730700,Tanker
477732300,Bulk Carrier
477732500,Tanker D
477732600,Bulk Carrier
477733100,Tanker B
477735500,Tanker
477735800,Cargo
477735900,Cargo
477736100,Cargo
477736300,Cargo
477736400,Other Type
477736600,Cargo
477736700,Cargo
477736800,Cargo
477737600,Cargo
477737900,Tanker
477738600,Container Ship
477738800,Cargo
477738900,Container Ship
477739700,Bulk Carrier
477743200,Bulk Carrier
477744100,Bulk Carrier
477745200,Cargo
477745300,Cargo
477745400,Cargo
477745800,Cargo A
477746100,Cargo
477746900,Bulk Carrier
477748600,General Cargo
477749600,Bulk Carrier
477749800,Bulk Carrier
477752100,Cargo
477752300,Cargo A
477752400,Cargo
477754200,Bulk Carrier
477754300,Bulk Carrier
477754400,Tanker
477754900,Cargo
477764400,Bulk Carrier
477765200,Bulk Carrier
477765600,Cargo
477765900,Container Ship
477766200,Cargo
477767300,Bulk Carrier
477767400,Lpg Tanker
477768100,Container Ship
477768700,Bulk Carrier
477769600,Cargo D
477769800,Cargo
477770200,Container Ship
477770700,Container Ship
477776500,Cargo
477779200,Tanker
477779700,Ore Carrier
477779800,Cargo
477790100,Cargo
477790300,Cargo
477790600,Cargo
477792300,Bulk Carrier
477792400,Bulk Carrier
477793300,Cargo
477793500,Cargo
477793700,Cargo
477793800,Cargo
477795900,Cargo
477797100,Bulk Carrier
477797300,Oil/Chemical Tanker
477798100,Cargo
477798200,Cargo A
477798500,Cargo
477798700,Bulk Carrier
477802200,Bulk Carrier
477809400,Cargo
477809700,Cargo
477809800,Cargo
477810200,Tanker
477810400,Tanker
477810700,Cargo
477811200,Cargo
477811300,Cargo
477811400,Cargo D
477811600,Tanker
477811900,Tanker
477815300,Bulk Carrier
477815400,Cargo
477825000,Container Ship
477826100,Bulk Carrier
477826400,Bulk Carrier
477826500,Bulk Carrier
477826900,Bulk Carrier
477830900,Bulk Carrier
477831100,Bulk Carrier
477831200,Container Ship
477831700,Bulk Carrier
477832200,Container Ship
477832300,Container Ship
477833200,Cargo
477833400,Tanker
477835500,Bulk Carrier
477835800,Cargo
477836100,Tanker D
477836200,Cargo
477836600,Cargo
477842100,General Cargo
477842200,Cargo A
477842300,Crude Oil Tanker
477842400,Cargo
477842700,Cargo A
477846300,Cargo
477846500,Tanker D
477846600,Cargo A
477846800,Cargo
477846900,Cargo A
477847500,Bulk Carrier
477847700,Oil/Chemical Tanker
477849700,Cargo
477849900,Cargo
477850100,Tanker
477850200,Cargo
477850300,Cargo
477850400,Cargo
477850600,Tanker
477850700,Cargo
477851300,Cargo
477851400,Lpg Tanker
477854400,Tanker
477854500,Tanker
477854900,Cargo
477855200,Cargo D
477855300,Tanker
477855500,Cargo
477855900,Cargo A
477856100,Cargo
477856200,Tanker B
477856300,Cargo
477856400,Cargo A
477856500,Cargo
477858800,Cargo A
477858900,Oil Products Tanker
477859200,Cargo
477859400,Cargo A
477859800,Cargo
477859900,Tanker
477861300,Cargo
477861600,Cargo
477861700,Cargo
477866400,Cargo
477866600,Cargo
477866900,Oil/Chemical Tanker
477867200,Cargo A
477867700,Bulk Carrier
477867800,Cargo D
477871200,Cargo A
477871300,Cargo A
477871600,Cargo
477871900,Cargo
477881600,Oil Products Tanker
477883400,Bulk Carrier
477883500,Cargo
477884300,Tanker
477884400,Bulk Carrier
477884800,Tanker D
477885100,Cargo A
477885400,Reserved for future use
477885900,Cargo A
477886300,Cargo
477887500,Oil Products Tanker
477887800,Cargo D
477890700,Cargo A
477890900,Cargo A
477891100,Cargo
477891300,Bulk Carrier
477892100,Cargo
477895300,Cargo
477895400,Cargo A
477895500,Cargo A
477895900,Cargo A
477898500,Bulk Carrier
477898700,Container Ship
477899800,Cargo
477900300,Cargo
477900400,Cargo
477900500,Cargo
477900900,Tanker
477902100,Cargo
477902500,Cargo
477902600,Cargo
477903700,Bulk Carrier
477904400,Oil/Chemical Tanker
477904500,Bulk Carrier
477906300,Cargo A
477906600,Crude Oil Tanker
477906900,Cargo
477907200,Cargo
477907300,Cargo A
477907400,Cargo
477907600,Cargo A
477907700,Cargo
477907900,Cargo A
477909100,Cargo
477909200,Cargo
477909300,Container Ship
477909800,Container Ship
477909900,Cargo
477913200,Tanker
477913400,Tanker
477913500,Ore Carrier
477913600,Ore Carrier
477913700,Ore Carrier
477913900,Tanker
477914400,General Cargo
477915400,Cargo
477915800,Cargo
477920300,Container Ship
477921700,Cargo A
477921900,Cargo
477922200,Cargo
477922500,Tanker
477922900,Cargo
477925100,Bulk Carrier
477925700,Cargo
477925900,Bulk Carrier
477926500,Oil/Chemical Tanker
477928100,Tanker
477928300,Cargo
477928500,Tanker
477928600,Cargo D
477928800,Oil/Chemical Tanker
477929200,Cargo
477929400,Cargo A
477929600,Cargo D
477929700,Cargo
477929900,Cargo
477931100,Bulk Carrier
477931200,Bulk Carrier
477931400,Cargo A
477931500,Cargo A
477932400,Oil/Chemical Tanker
477932500,Bulk Carrier
477932600,Crude Oil Tanker
477932700,Crude Oil Tanker
477938800,Bulk Carrier
477939700,Cargo
477940400,Cargo
477940700,Bulk Carrier
477940800,Cargo
477941100,Cargo
477941300,Cargo
477941600,Cargo A
477945100,Cargo A
477945300,Cargo A
477945600,Tanker
477945700,Tanker
477945900,Oil/Chemical Tanker
477947300,Ore Carrier
477947600,Container Ship
477947800,Bulk Carrier
477948800,Cargo D
477949200,Tanker
477949300,Cargo A
477949400,Cargo
477949600,Cargo
477950200,Cargo
477950300,Container Ship
477950400,Bulk Carrier
477950500,Cargo
477950900,Oil/Chemical Tanker
477957200,Cargo
477957300,Crude Oil Tanker
477957400,Oil/Chemical Tanker
477957700,Cargo
477957800,Cargo
477958300,Container Ship
477959400,Bulk Carrier
477961200,Bulk Carrier
477961600,Container Ship
477961700,Bulk Carrier
477963200,Cargo
477963300,Asphalt/Bitumen Tanker
477963800,Container Ship
477965200,Cargo A
477965600,Cargo D
477966300,Oil/Chemical Tanker
477966600,Oil/Chemical Tanker
477967300,Cargo A
477967700,Cargo D
477967800,Cargo A
477967900,Tanker
477969400,Oil/Chemical Tanker
477975000,Bulk Carrier
477978700,Bulk Carrier
477979600,Cargo
477979700,Cargo
477982500,General Cargo
477985100,Oil Products Tanker
477985200,Oil Products Tanker
477986400,Bulk Carrier
477986700,Crude Oil Tanker
477987100,Cargo
477987300,Cargo
477987500,Cargo
477987900,Cargo
477999900,Bulk Carrier
499999999,Not available
503000098,Search and Rescue vessel
503000123,Other Type
503000163,Tug
503000206,Military ops
503000216,Tug
503000227,Not available
503098540,Sailing
503187140,Law Enforcement
503385000,Other Type
503407000,Other Type
503492000,Passengers Ship
506028000,Cargo
508036000,Other Type
511100024,Oil Products Tanker
511100294,Bulk Carrier
511100419,Lpg Tanker
511100897,Crude Oil Tanker
511101183,Tug
511101262,Bulk Carrier
511101329,Cargo
511101345,Oil/Chemical Tanker
511101363,Crude Oil Tanker
511101372,Multi Purpose Offshore Vessel
511101401,Cargo
511101408,Oil/Chemical Tanker
511101416,Chemical Tanker
511101444,Lpg Tanker
511101458,Lpg Tanker
511101504,Tanker
511101538,Oil/Chemical Tanker
511101556,Lpg Tanker
511101558,Lpg Tanker
511101582,Bulk Carrier
511101612,Lpg Tanker
511101638,Lpg Tanker
511101651,Crude Oil Tanker
511101678,Oil/Chemical Tanker
511101695,Oil Products Tanker
511101698,Oil/Chemical Tanker
511101710,Cargo
511101712,Cargo
511101714,Cargo
511101725,Oil/Chemical Tanker
511101756,Bulk Carrier
511101773,Bulk Carrier
511101791,Oil/Chemical Tanker
511101796,Tanker
511101805,Crude Oil Tanker
511101809,Bulk Carrier
511101826,Crude Oil Tanker
511101827,Crude Oil Tanker
511101842,Oil/Chemical Tanker
511101856,General Cargo
511101900,Crude Oil Tanker
511227000,Tanker
518100173,Other Type
518100223,Pleasure Craft
518100291,Diving ops
518100368,Pleasure Craft
518100675,Oil/Chemical Tanker
518100932,Pleasure Craft
518101006,Oil/Chemical Tanker
518998488,Pleasure Craft
518998516,Oil/Chemical Tanker
518998886,Pleasure Craft
518999019,Lpg Tanker
518999141,Crude Oil Tanker
518999182,Oil Products Tanker
518999204,Oil/Chemical Tanker
518999656,Crude Oil Tanker
519170701,Cargo
520431000,Tug
525000000,Fishing
525000001,Passenger
525001007,Search and Rescue vessel
525001013,Search and Rescue vessel
525001015,Search and Rescue vessel
525001140,Other Type
525001257,Cargo
525002055,Tug
525002067,Fishing
525002072,Passenger
525002091,Passenger
525002117,Not available
525003042,Cargo
525003052,Towing
525003103,Oil/Chemical Tanker
525003161,Other Type
525003175,Oil Products Tanker
525003200,General Cargo
525003221,Tug
525003230,Cargo
525003272,Diving Support Vessel
525003330,Cargo
525003343,Other Type
525003371,Tug
525003395,Tug
525003399,Tug
525003476,Tug
525003495,Tanker
525003496,Tug
525003498,Passenger
525003502,Tug
525003517,Cargo
525003539,Cargo
525003540,Oil/Chemical Tanker
525003571,Cable Layer
525003593,Tanker
525003595,Fishing
525003612,Not available
525003613,Passenger
525003624,Container Ship
525003629,Passenger
525003663,Not available
525003667,Container Ship
525003693,Tug
525003759,Not available
525004015,Tanker A
525004045,Tug
525004125,Tug
525005032,Passenger
525005225,Anchor Handling Vessel
525005227,Tug
525005234,Anchor Handling Vessel
525005255,Anchor Handling Vessel
525005257,Other Type
525005281,Offshore Supply Ship
525005283,General Cargo
525005297,Anchor Handling Vessel
525005350,Oil/Chemical Tanker
525005353,Offshore Supply Ship
525005397,Container Ship
525005398,General Cargo
525006047,Tanker
525006060,Other Type
525006124,Towing
525006247,Other Type
525006282,---
525006316,Towing > 200m OR Breadth > 25m
525006391,Tug
525006418,Tug
525007028,Oil/Chemical Tanker
525007034,Lpg Tanker
525007132,Tug
525007143,Not available
525007190,Tug
525007242,Tanker
525007270,Tug
525007280,Tug
525007358,Tug
525008040,Oil Products Tanker
525008045,Tanker
525008054,Tanker
525008056,Tanker
525008061,Tanker
525008066,Crude Oil Tanker
525008070,Tanker
525008077,Tanker
525008078,Oil Products Tanker
525008080,Tanker
525008084,Tanker B
525008095,Tanker
525008120,Tanker
525008121,Tanker D
525008130,Tanker
525009008,Tug
525009075,Oil/Chemical Tanker
525009077,Tanker
525009097,Passenger
525009098,Tug
525009118,Tug
525009150,Tug
525009173,Tug
525009311,Tug
525009342,Tug
525009344,Cargo
525009349,Container Ship
525010112,Cargo
525010154,Cargo
525010230,Tanker
525010240,Tanker A
525010285,Cargo
525010307,Cargo
525010318,Other Type
525010319,Towing
525010322,Tanker
525010326,Tug
525010339,Tug
525010379,Tug
525010388,Tug
525012032,Tug
525012082,Tug
525012111,Towing
525012151,Tug
525012169,Tug
525012214,Cargo
525012259,Tug
525012277,Other Type
525012316,Towing
525012321,Other Type
525012350,Bunkering Tanker
525012370,Cargo
525013013,Container Ship
525013016,Container Ship
525013026,Other Type
525013040,Cargo
525013043,Cargo
525014046,Cargo
525014061,Tanker
525014065,General Cargo
525014084,Sailing
525014086,Military ops
525014112,Military ops
525015053,Reserved for future use
525015097,Passenger
525015104,Cargo
525015149,Landing Craft
525015174,Cargo
525015176,Cargo
525015292,General Cargo
525015307,Other Type
525015360,Cargo
525015391,Cargo
525015455,Ro-Ro/Passenger Ship
525015472,Cargo
525015625,Cargo
525015658,Container Ship
525015670,Tanker
525015682,Dredging or underwater ops
525015706,Container Ship
525015732,Tug
525015758,Tanker
525015778,Vehicles Carrier
525015841,Passenger
525015925,Cargo
525015934,Cargo
525015940,Anchor Handling Vessel
525015961,Lpg Tanker
525015965,Cargo
525016024,Cement Carrier
525016211,Tanker A
525016212,General Cargo
525016239,Tug
525016500,Tanker
525016503,Cargo
525016528,Law Enforcement
525016565,Other Type
525016675,Tanker
525016710,Cargo
525016724,Passenger
525018007,Cargo
525018022,General Cargo
525018027,Passenger
525018038,Tug
525018039,Tug
525018083,Tug
525018176,Tug
525018182,Tug
525018200,Tanker
525018201,Cargo
525018235,Tug
525018271,Cable Layer
525018292,Towing
525018327,Tug
525018353,Tug
525018358,Tug
525018359,Towing > 200m OR Breadth > 25m
525018363,Tug
525018368,Tanker
525018370,Tanker
525018424,Tug
525018461,General Cargo
525018470,Cargo
525018475,Tug
525019001,Passenger
525019019,Cargo
525019035,Landing Craft
525019050,Cargo
525019100,Cargo
525019101,Cargo
525019115,Passenger
525019132,Chemical Tanker
525019255,Cargo
525019378,Pleasure Craft
525019395,Tanker
525019432,Passenger
525019443,Passenger
525019465,Cargo
525019510,Cargo
525019514,Oil Products Tanker
525019521,Tanker A
525019541,Other Type
525019607,Other Type
525019610,Other Type
525019611,Pleasure Craft
525019614,General Cargo
525019630,Oil/Chemical Tanker
525019645,Not available
525019651,Tug
525019661,Tug
525019678,Cargo
525019683,Cargo
525020106,Cargo
525020107,Cargo
525020108,Landing Craft
525020109,Oil/Chemical Tanker
525020115,Tug
525020122,Tanker
525020128,Tug
525020155,Cargo
525020168,Passenger
525020183,Tug
525020186,Cargo
525020232,Tug
525020239,Cargo
525020286,Other Type A
525020414,Tanker
525021070,Pleasure Craft
525021153,Tug
525021185,Tug
525021189,Cargo
525021205,Tug
525021218,Tug
525021245,Tug
525021306,Tug
525021323,Tanker
525021328,Not available
525021337,Reserved for future use
525021369,Tug
525021387,Oil/Chemical Tanker
525021392,Tug
525021452,Bulk Carrier
525022093,Cement Carrier
525022164,Diving Support Vessel
525022168,Tug
525022227,Tug
525022266,Tanker
525022304,Bunkering Tanker
525022315,Tug
525022327,Tug
525023055,Passenger
525023082,Cargo B
525023092,Passengers Ship
525023095,Passengers Ship
525023096,Reserved for future use
525023228,Oil/Chemical Tanker
525023251,General Cargo
525023278,Oil/Chemical Tanker
525023281,Tug
525023308,Other Type
525023337,Towing > 200m OR Breadth > 25m
525023385,Tug
525024019,Tug
525024043,Tug
525024088,Tug
525024096,Tug
525024098,Tug
525024128,Oil/Chemical Tanker
525024142,Tug
525024246,Tug
525024297,Wing in ground
525024322,Towing
525024336,Tug
525024353,Tug
525024373,Tug
525024397,Container Ship
525024416,Tug
525024666,Cargo
525025100,Cargo
525100095,Tug
525100099,Reserved for future use
525100100,Passenger
525100241,Crude Oil Tanker
525100242,Tanker
525100265,Not available
525100318,Bulk Carrier
525100403,Cargo
525100404,Passenger
525100486,Cable Layer
525100541,Passenger
525100551,Cargo
525100552,Container Ship
525100591,Tanker A
525100610,Fishing
525100705,Cargo
525100739,Tug
525100748,Tug
525100764,Asphalt/Bitumen Tanker
525100776,Towing
525100852,Tug
525100868,Towing
525100877,High speed craft
525100908,Tug
525100960,Tug
525100974,Tug
525100984,Towing
525101049,Other Type
525101150,Other Type
525101346,Wing in ground
525101362,Passenger
525101837,Lpg Tanker
525102001,Anchor Handling Vessel
525102003,Anchor Handling Vessel
525102006,NOT_FOUND
525103006,Tanker
525103007,Oil Products Tanker
525103009,Oil/Chemical Tanker
525103017,Tanker A
525104079,Not available
525105389,Not available
525107011,Crude Oil Tanker
525107014,Lpg Tanker
525107019,Oil/Chemical Tanker
525107020,Oil/Chemical Tanker
525107021,Oil/Chemical Tanker
525107022,Lpg Tanker
525108006,Tanker
525108007,Tanker
525108008,Tanker
525108015,Tanker
525108016,Tanker
525108017,Tanker
525108023,Oil/Chemical Tanker
525108027,Lpg Tanker
525108035,Tanker
525109002,Cargo
525109003,Cargo
525109008,Tanker
525109015,Bulk Carrier
525109016,Oil/Chemical Tanker
525109019,Bulk Carrier
525109021,Other Type
525109022,Lpg/Chemical Tanker
525109023,Cargo
525109024,Tanker D
525109025,Cargo
525110002,Bulk Carrier
525110016,Other Type
525110024,Tug
525110117,Not available
525110121,Tug
525110142,Tanker
525110156,Not available
525111005,Crude Oil Tanker
525111010,Oil/Chemical Tanker
525113012,Sailing
525113026,Cargo
525113034,Container Ship
525113038,Cargo
525113040,Cargo
525114012,Other Type
525114013,Military ops
525114043,Military ops
525114048,Lpg Tanker
525114060,Oil Products Tanker
525114079,Military ops
525114102,Oil Products Tanker
525114108,Lpg Tanker
525114118,Military ops
525114124,Towing > 200m OR Breadth > 25m
525114129,Tug
525114138,Lng Tanker
525117001,Cargo
525119006,Cargo
525119010,Cement Carrier
525119014,Oil/Chemical Tanker
525119021,Oil Products Tanker
525119029,Oil Products Tanker
525119036,Tug
525119038,Oil Products Tanker
525119040,Tug
525119042,Not available
525119057,Crude Oil Tanker
525119068,Crude Oil Tanker
525119069,Oil/Chemical Tanker
525119077,Crude Oil Tanker
525119081,Oil/Chemical Tanker
525119082,Oil/Chemical Tanker
525119091,Crude Oil Tanker
525119095,Oil/Chemical Tanker
525119097,Tanker B
525119098,General Cargo
525119101,Oil/Chemical Tanker
525119102,Tanker
525119111,Crude Oil Tanker
525119136,Crude Oil Tanker
525119146,Oil/Chemical Tanker
525119148,Tug
525119151,Lpg Tanker
525119160,Tanker
525119166,Oil/Chemical Tanker
525119169,Lpg Tanker
525119173,Reserved
525119183,Other Type
525119184,Crude Oil Tanker
525119186,Tug
525119189,Container Ship
525119190,Container Ship
525119191,Oil Products Tanker
525119194,Lpg Tanker
525119200,Anchor Handling Vessel
525119203,Crude Oil Tanker
525119213,Tanker
525119218,Bulk Carrier
525119221,General Cargo
525119223,Lpg Tanker
525119238,Cargo
525120018,Container Ship
525121003,Oil/Chemical Tanker
525121004,Crude Oil Tanker
525121006,Passenger
525121012,Oil/Chemical Tanker
525121014,Oil/Chemical Tanker
525121016,Oil Products Tanker
525121019,Lpg Tanker
525121021,Reserved for future use
525121022,Oil Products Tanker
525121027,Crude Oil Tanker
525121030,Oil/Chemical Tanker
525121031,Oil/Chemical Tanker
525121033,Lpg Tanker
525121039,Bulk Carrier
525121041,Oil/Chemical Tanker
525121042,Oil/Chemical Tanker
525121043,Oil/Chemical Tanker
525121047,Bulk Carrier
525121051,Bulk Carrier
525121054,Tanker
525121060,Lpg Tanker
525121064,Tanker
525121074,Bulk Carrier
525121080,Lpg Tanker
525121081,Tanker
525121086,Oil Products Tanker
525121088,Bulk Carrier
525121089,Other Type
525121090,Lng Tanker
525121093,Not available
525121099,Asphalt/Bitumen Tanker
525121104,Tanker A
525121105,Not available
525123321,Fishing
525125018,Cargo
525125031,General Cargo
525125033,General Cargo
525125038,Bulk Carrier
525125044,Cargo
525125047,Bulk Carrier
525127006,Law Enforcement
525200006,Cable Layer
525200061,Passenger
525200078,General Cargo
525200257,Passenger
525200277,Tug
525200301,Bulk Carrier
525200357,Passenger
525200361,Passenger
525200367,High speed craft
525200444,Passenger
525200515,Cargo
525200652,Tanker
525200748,Tanker
525200750,Tanker
525200809,Dredging or underwater ops
525200893,Cargo
525200916,Tug
525200922,Passenger
525200938,Tug
525200955,Passenger
525200972,Bulk Carrier
525201010,Tug
525201368,Cargo A
525201509,Cargo
525201723,Oil/Chemical Tanker
525201810,Oil/Chemical Tanker
525201847,Tug
525201909,Passenger
525201958,Offshore Supply Ship
525203009,Not available
525205002,Not available
525205011,Not available
525208004,Military ops
525271053,Oil/Chemical Tanker
525281217,Cargo
525289999,Not available
525300024,Towing
525300061,Oil/Chemical Tanker
525300062,Anchor Handling Vessel
525300160,Cargo
525300236,Bulk Carrier
525300321,Cable Layer
525300439,Tug
525300507,Passenger
525300666,Tanker
525300667,Tug
525300728,Tug
525300902,Dredging or underwater ops
525300940,Law Enforcement
525301025,Tug
525301156,Cargo
525301190,Oil/Chemical Tanker
525301397,Oil/Chemical Tanker
525301491,Other Type
525301506,Not available
525301513,Towing
525301525,Tug
525301564,Cargo
525301572,Towing
525301585,Lpg Tanker
525301714,Oil/Chemical Tanker
525301746,Other Type
525301763,Tanker
525400061,Tanker
525400297,Tug
525400465,Tug
525400624,Passenger
525400751,Cargo
525401047,Lpg Tanker
525401069,Oil/Chemical Tanker
525401317,Not available
525401386,Trailing Suction Hopper Dredger
525401499,Passenger
525401544,Passenger
525401613,Other Type
525401658,Cargo
525401676,Lng Tanker
525401751,Towing > 200m OR Breadth > 25m
525401761,Passenger
525401772,Passenger
525500108,Bulk Carrier
525500364,Tug
525500381,Passenger
525500382,Passenger D
525500415,High speed craft
525500422,Tug
525500550,Tug
525500688,Tug
525500783,Pipelay Crane Vessel
525500794,Tug
525500841,Cargo
525500842,Passenger
525500859,Passenger
525500952,Oil/Chemical Tanker
525501061,Passenger
525501153,Lpg Tanker
525501160,Bulk Carrier
525501168,Tug
525501221,Tug
525501320,Other Type
525501398,Tug
525501479,Anchor Handling Vessel
525501491,Tanker
525501508,Other Type B
525501566,Bulk Carrier
525501733,Cargo
525501784,Passenger
525501799,Bulk Carrier
525501831,Wing in ground B
525501861,Tanker
525501972,Tanker
525501982,Passenger
525503961,Not available
525511488,Tanker
525600028,Tug
525600302,Towing
525600558,Cargo
525600743,Tug
525601032,Cargo
525601109,Tug
525601112,Tug
525601114,Cargo
525601311,Other Type
525601398,Passenger
525601512,Tanker
525601531,Oil/Chemical Tanker
525601594,Tug
525601638,Cargo
525601701,Passenger
525601761,Tug
525601816,Bulk Carrier
525700215,Passenger
525700730,Reserved for future use
525701010,Bulk Carrier
525701025,Oil/Chemical Tanker
525701026,Research/Survey Vessel
525701029,Passenger
525701059,Ro-Ro Cargo
525701081,Tug
525701088,Tug
525701248,Not available
525701256,Reserved for future use
525701284,Cement Carrier
525701296,Other Type
525701301,Towing
525701384,Other Type
525701447,Tug
525701486,Not available
525701543,Tug
525701585,Towing
525701709,Not available
525701716,Cargo
525701730,General Cargo
525701854,Cargo
525701867,Other Type
525767185,Cargo
525800141,Passenger
525800162,General Cargo
525800396,Pleasure Craft
525801050,Tanker
525801080,Tug
525801095,Tanker
525801176,Bulk Carrier
525801198,Pleasure Craft
525801312,Tanker
525801322,Towing
525801331,Bulk Carrier
525801347,Cargo
525801366,Passenger
525801396,Tanker
525801420,Passenger A
525801447,Not available
525801449,NOT_FOUND
525801456,Tug
525801477,Tug
525801488,Cargo
525801496,Bulk Carrier
525801694,Cargo
525801718,NOT_FOUND
525801752,Bulk Carrier
525801792,Passenger
525801801,Not available
525801864,Tanker
525801883,Tug
525801917,Bulk Carrier
525801946,Other Type
525801991,Tug
525900250,Tanker
525900429,Tug
525900604,Cargo
525900792,Cargo
525900858,Crane Jack Up
525900939,Towing
525900985,Tanker
525901026,Cargo
525901028,Oil Products Tanker
525901058,Tug
525901071,Tanker
525901076,Not available
525901086,Towing > 200m OR Breadth > 25m
525901093,Tug
525901096,Cargo
525901098,Tug
525901112,Tug
525901113,Not available
525901124,Tug
525901150,Tanker
525901152,Tug
525901156,Passenger
525901161,Cargo
525901173,Tug
525901195,Oil/Chemical Tanker
525901216,Tug
525901234,Tug
525901249,Cargo
525901288,Cargo
525901301,NOT_FOUND
525901302,Passenger
525901316,Tug
525901342,Cargo
525901345,Tug
525901353,NOT_FOUND
525901358,Tug
525901363,Tug
525901382,Offshore Supply Ship
525901397,Fishing
525901398,Tug
525901400,Tug
525901407,Cargo
525901417,Tanker
525901432,Not available
525901445,Tug
525901448,Tug
525901471,Tanker
525901479,Tug
525901480,Not available
525901489,Passenger
525901490,Tug
525901491,Not available
525901507,Tug
525901518,Towing
525901532,Dredging or underwater ops
525901545,Tug
525901551,Tug
525901586,Tug
525901587,Not available
525901589,Tanker
525901596,Tug
525901597,Tug
525901612,Tug
525901614,Tug
525901636,Not available
525901654,Tug
525901668,Tug
525901675,Cargo
525901687,Tug
525901720,Tug
525901728,Tug
525901733,NOT_FOUND
525901745,Tug
525901751,Passenger
525901762,Tug
525901824,Tug
525901859,Tug
525901876,Lng Tanker
525901881,Not available
525901882,Tug
525901898,NOT_FOUND
525901988,Lpg Tanker
529178000,Other Type
529186000,General Cargo
529949000,General Cargo
533000092,Other Type
533000171,Tug
533000295,Tug
533000296,Not available
533000297,Tug
533000315,Tug
533000319,Tanker
533000325,Tug
533000330,Tanker
533000470,Cargo
533000522,Cargo
533000758,Cargo
533000829,Tug
533000833,Other Type
533000903,Cargo
533000996,Vehicles Carrier
533001350,Tanker
533001650,Tug
533004300,Tanker
533005400,Tug
533005700,Oil Products Tanker
533006200,Tug
533006300,Tug
533006400,Tug
533006700,Tug
533006800,Tug
533006900,Towing
533016000,Lng Tanker
533021700,Tug
533021900,Tug
533040000,Tanker
533042200,Tanker
533042300,Oil Products Tanker
533045600,Tug
533045700,Pilot Vessel
533048500,Oil Products Tanker
533048600,Oil Products Tanker
533051000,Lng Tanker
533052300,Container Ship
533057100,Oil Products Tanker
533057200,Oil Products Tanker
533058400,Tug
533060900,Oil/Chemical Tanker
533061100,Chemical Tanker
533061200,Oil/Chemical Tanker
533062400,Anchor Handling Vessel
533064400,Cargo
533065544,Military ops
533067200,Other Type
533102141,Pilot Vessel
533110083,Tanker
533110708,Tanker
533110714,Tanker
533130128,Vehicles Carrier
533130149,Anchor Handling Vessel
533130174,Other Type
533130184,Anchor Handling Vessel
533130329,Other Type
533130402,Cargo
533130432,Other Type
533130446,Tanker
533130463,Tanker
533130542,Tanker
533130553,Bulk Carrier
533130597,Tanker B
533130607,Tanker
533130645,Tanker
533130651,Oil Products Tanker
533130658,Tanker
533130715,Tug
533130716,Asphalt/Bitumen Tanker
533130729,Bulk Carrier
533130731,Bulk Carrier
533130753,Tanker
533130779,Not available
533130781,Oil/Chemical Tanker
533130791,Tug
533130813,Container Ship
533130819,Asphalt/Bitumen Tanker
533130828,Tug
533130844,Oil Products Tanker
533130863,Pleasure Craft
533130882,Cargo
533130895,Standby Safety Vessel
533130901,Reserved
533130932,Cargo
533130958,Tanker
533130976,Oil Products Tanker
533131011,Anchor Handling Vessel
533131015,Oil Products Tanker
533131021,Cargo B
533131029,Other Type
533131041,Tanker
533131042,Anchor Handling Vessel
533131046,Tanker
533131049,Anchor Handling Vessel
533131052,Container Ship
533131059,Cargo A
533131065,Oil Products Tanker
533131066,Tanker B
533131093,Not available
533131107,Asphalt/Bitumen Tanker
533131111,Tanker
533131126,Oil/Chemical Tanker
533131164,Sailing
533131175,Anchor Handling Vessel
533131195,Tanker
533132007,Tanker
533132008,Tanker
533132018,Tug
533132041,Oil Products Tanker
533132046,Tanker
533132051,Other Type
533132053,Anchor Handling Vessel
533132056,Cargo
533132062,Other Type
533132065,Other Type
533132066,Cargo
533132071,Tug
533132072,Other Type
533132082,Cargo
533132083,Tanker
533132085,Container Ship
533132087,Cargo A
533132112,Tanker
533132115,Oil Products Tanker
533132125,Tanker
533132134,Vehicles Carrier
533132151,Tug
533132152,Tanker
533132161,Cargo D
533132163,Tanker
533132164,Vehicles Carrier
533132178,Tanker
533132188,Tanker
533132191,Lpg Tanker
533132192,Oil Products Tanker
533132198,Lpg Tanker
533132217,Tanker
533132249,Bulk Carrier
533132279,Tanker
533132299,Not available
533132327,Tanker D
533132404,Tug
533132436,Cargo
533132468,Tanker
533132475,Tanker
533132535,High speed craft
533132596,Tug
533132617,Not available
533132626,Oil Products Tanker
533132646,Container Ship
533132767,Tanker A
533132786,Cargo
533132824,Reserved for future use
533132826,Cargo
533132827,Cargo
533132832,Lpg Tanker
533132864,Tug
533132871,Tug
533132924,Tanker D
533132932,Tug
533132933,Passenger
533132941,Cargo B
533132942,Cargo
533132943,Tanker
533132961,Tug
533133067,Cargo
533133106,Crude Oil Tanker
533133124,Tanker
533133126,Crude Oil Tanker
533133132,Other Type
533133134,Yacht
533133143,Cargo
533133151,Other Type
533133154,Tug
533133212,Oil Products Tanker
533133213,Tanker
533133214,Crude Oil Tanker
533133226,Tanker
533133238,Cargo B
533133239,Cargo
533133251,Oil Products Tanker
533133276,Tanker
533133322,Tanker
533133374,Cargo
533133388,Tug
533133407,Tug
533133425,Tug
533133435,Tug
533133444,Tanker
533133472,Pleasure Craft
533133481,Tanker
533133497,Anchor Handling Vessel
533133539,Tug
533133553,Not available
533133558,Container Ship
533133588,Tug
533133606,Oil/Chemical Tanker
533133611,Dredging or underwater ops
533133665,Bulk Carrier
533133733,Tug
533140102,Other Type
533140179,Military ops
533140207,Law Enforcement
533150039,Oil Products Tanker
533150044,Oil Products Tanker
533150045,Oil Products Tanker
533150096,Tanker
533170079,Container Ship
533170153,Bulk Carrier
533170209,Tug
533170221,Cargo
533170316,Other Type
533170323,Container Ship
533170482,Container Ship
533170505,Tug
533170514,Vehicles Carrier
533170531,Container Ship
533170536,Container Ship
533170578,Container Ship
533170594,Tug
533170601,Cargo
533170635,Container Ship
533170658,Vehicles Carrier
533170679,Container Ship
533170707,Tug
533170732,Tug
533170744,Tug
533170768,Cargo
533170807,Bulk Carrier
533170812,Cargo
533170821,Container Ship
533170822,Container Ship
533170829,Container Ship
533180004,Oil Products Tanker
533180021,Other Type
533180025,Tug
533180026,Tug
533180039,Tanker
533180052,Tanker
533180090,Vehicles Carrier
533180105,Tanker
533180106,Crew Boat
533180127,Container Ship
533180177,Tanker
533180179,Other Type
533180183,Tug
533180188,Tanker
533180190,Other Type
533180193,Bulk Carrier
533180210,Tanker
533180218,Container Ship
533240786,Not available
533377000,Tug
533674000,Deck Cargo Ship
533680102,Pilot Vessel
533718000,Other Type
533735000,Lng Tanker
533759000,Deck Cargo Ship
533767000,Deck Cargo Ship
533925000,Lng Tanker
533953000,Lng Tanker
533970000,Cargo
538001582,Cable Layer
538002041,Bulk Carrier
538002073,Oil/Chemical Tanker
538002090,Crude Oil Tanker
538002113,Bulk Carrier
538002295,Crude Oil Tanker
538002313,Cargo
538002314,Cargo
538002459,Bulk Carrier
538002485,Container Ship
538002528,Bulk Carrier
538002531,Bulk Carrier
538002544,Bulk Carrier
538002565,Bulk Carrier
538002634,Bulk Carrier
538002639,Bulk Carrier
538002640,Bulk Carrier
538002659,Bulk Carrier
538002662,Crude Oil Tanker
538002666,Container Ship
538002772,Bulk Carrier
538002793,Bulk Carrier
538002844,Crude Oil Tanker
538002845,Crude Oil Tanker
538002853,Bulk Carrier
538002875,Bulk Carrier
538002920,Lng Tanker
538002921,Lng Tanker
538002922,Lng Tanker
538002946,Oil Products Tanker
538002999,Bulk Carrier
538003018,Lng Tanker
538003019,Lng Tanker
538003020,Lng Tanker
538003024,Oil/Chemical Tanker
538003048,Bulk Carrier
538003072,Lng Tanker
538003073,Lng Tanker
538003100,Lng Tanker
538003101,Lng Tanker
538003115,Oil/Chemical Tanker
538003120,Container Ship
538003172,Tanker
538003181,Container Ship
538003212,Lng Tanker
538003222,Bulk Carrier
538003225,Bulk Carrier
538003234,Bulk Carrier
538003251,Wood Chips Carrier
538003252,Container Ship
538003267,Lng Tanker
538003278,Container Ship
538003293,Lng Tanker
538003294,Lng Tanker
538003295,Lng Tanker
538003300,Lng Tanker
538003301,Lng Tanker
538003320,Bulk Carrier
538003346,Lng Tanker
538003348,Lng Tanker
538003349,Lng Tanker
538003350,Lng Tanker
538003351,Lng Tanker
538003355,Lng Tanker
538003356,Lng Tanker
538003357,Lng Tanker
538003358,Lng Tanker
538003360,Lng Tanker
538003361,Lng Tanker
538003362,Lng Tanker
538003363,Lng Tanker
538003364,Lng Tanker
538003365,Lng Tanker
538003402,Bulk Carrier
538003428,Crude Oil Tanker
538003439,Crude Oil Tanker
538003450,Crude Oil Tanker
538003455,Tanker
538003461,Bulk Carrier
538003467,Bulk Carrier
538003481,Tanker
538003499,Bulk Carrier
538003522,Wood Chips Carrier
538003526,Crude Oil Tanker
538003561,Bulk Carrier
538003563,Bulk Carrier
538003566,Oil/Chemical Tanker
538003617,Crude Oil Tanker
538003639,Bulk Carrier
538003640,Bulk Carrier
538003678,Oil/Chemical Tanker
538003705,Bulk Carrier
538003716,Bulk Carrier
538003747,Bulk Carrier
538003760,Bulk Carrier
538003775,Cargo
538003822,Bulk Carrier
538003831,Vehicles Carrier
538003848,Oil/Chemical Tanker
538003849,Oil/Chemical Tanker
538003857,Oil/Chemical Tanker
538003862,Crude Oil Tanker
538003869,Crude Oil Tanker
538003882,Crude Oil Tanker
538003883,Oil/Chemical Tanker
538003904,Bulk Carrier
538003908,Bulk Carrier
538003920,Bulk Carrier
538003924,Oil/Chemical Tanker
538003928,Bulk Carrier
538003936,Bulk Carrier
538003951,Crude Oil Tanker
538003952,Bulk Carrier
538003961,Oil/Chemical Tanker
538003962,Oil/Chemical Tanker
538003966,Oil/Chemical Tanker
538003972,Bulk Carrier
538003979,Drilling Jack Up
538003990,Bulk Carrier
538004002,Tanker A
538004030,Crude Oil Tanker
538004033,Tanker
538004051,Crude Oil Tanker
538004053,Bulk Carrier
538004065,General Cargo
538004068,Bulk Carrier
538004071,Crude Oil Tanker
538004073,Bulk Carrier
538004092,Bulk Carrier
538004093,Bulk Carrier
538004096,Cargo
538004103,Bulk Carrier
538004105,Oil/Chemical Tanker
538004110,Bulk Carrier
538004111,Crude Oil Tanker
538004139,Bulk Carrier
538004145,Crude Oil Tanker
538004151,Bulk Carrier
538004167,Oil/Chemical Tanker
538004169,Tanker
538004174,Crude Oil Tanker
538004181,Bulk Carrier
538004216,Bulk Carrier
538004242,Bulk Carrier
538004243,Bulk Carrier
538004251,Bulk Carrier
538004255,Oil/Chemical Tanker
538004260,Bulk Carrier
538004269,Bulk Carrier
538004289,Bulker
538004301,Cargo
538004305,Bulk Carrier
538004314,Bulk Carrier
538004326,Bulk Carrier
538004327,Cargo
538004331,Bulk Carrier
538004343,Cargo
538004345,Bulk Carrier
538004353,Passengers Ship
538004359,Bulk Carrier
538004380,Bulk Carrier
538004396,Bulk Carrier
538004416,General Cargo
538004434,Bulk Carrier
538004438,Cargo
538004445,Bulk Carrier
538004459,Bulk Carrier
538004480,Oil/Chemical Tanker
538004488,Bulk Carrier
538004492,Bulk Carrier
538004494,Bulk Carrier
538004498,Bulk Carrier
538004507,Bulk Carrier
538004533,Oil/Chemical Tanker
538004552,Cargo
538004553,Ore Carrier
538004570,Bulk Carrier
538004575,Crude Oil Tanker
538004576,Crude Oil Tanker
538004577,Crude Oil Tanker
538004618,Bulk Carrier
538004632,Crude Oil Tanker
538004633,Crude Oil Tanker
538004647,Bulk Carrier
538004667,Bulk Carrier
538004670,Bulk Carrier
538004682,Oil/Chemical Tanker
538004697,Vehicles Carrier
538004720,General Cargo
538004722,Oil Products Tanker
538004739,Cargo
538004747,Bulk Carrier
538004758,Cargo
538004759,Vehicles Carrier
538004765,Cargo
538004778,Ore Carrier
538004800,Cargo
538004825,Bulk Carrier
538004826,Ore Carrier
538004833,Crude Oil Tanker
538004851,Bulk Carrier
538004853,Oil Products Tanker
538004881,Bulk Carrier
538004888,Ore Carrier
538004889,Ore Carrier
538004893,Container Ship
538004898,Bulk Carrier
538004899,Ore Carrier
538004900,Ore Carrier
538004903,Bulker
538004914,Container Ship
538004918,Ore Carrier
538004966,Bulk Carrier
538004975,Tanker A
538004976,Tanker D
538004983,Tanker D
538004996,Bulk Carrier
538004998,Bulker
538005016,Asphalt/Bitumen Tanker
538005019,Bulk Carrier
538005041,Bulk Carrier
538005058,Bulk Carrier
538005060,Tanker
538005066,Bulk Carrier
538005068,Bulk Carrier
538005072,Lng Tanker
538005077,Tanker B
538005092,Oil/Chemical Tanker
538005096,Bulk Carrier
538005112,Cargo
538005117,Oil/Chemical Tanker
538005118,Oil/Chemical Tanker
538005119,Tanker
538005145,Crude Oil Tanker
538005152,Cargo
538005156,Cargo
538005169,Bulk Carrier
538005171,Oil/Chemical Tanker
538005172,Tanker
538005175,Tanker
538005177,Tanker
538005178,Tanker
538005187,Tanker
538005188,Tanker
538005190,Bulk Carrier
538005193,Bulk Carrier
538005194,Bulk Carrier
538005203,Oil/Chemical Tanker
538005205,General Cargo
538005216,Bulk Carrier
538005223,Tanker
538005231,Bulk Carrier
538005243,Bulk Carrier
538005255,Lpg Tanker
538005269,Oil/Chemical Tanker
538005272,Bulk Carrier
538005300,Oil/Chemical Tanker
538005303,Cargo
538005320,Oil/Chemical Tanker
538005324,Oil/Chemical Tanker
538005330,Bulk Carrier
538005350,Tanker D
538005355,Oil/Chemical Tanker
538005358,Oil Products Tanker
538005363,Bulk Carrier
538005373,Tanker
538005374,Tanker D
538005376,Bulk Carrier
538005384,Tanker
538005385,Tanker
538005386,Tanker
538005387,Tanker
538005389,Tanker
538005390,Tanker
538005391,Tanker
538005417,Tanker
538005418,Tanker
538005426,Tanker
538005431,Bulk Carrier
538005443,Crude Oil Tanker
538005444,Bulk Carrier
538005452,Vehicles Carrier
538005453,Cargo
538005454,Bulk Carrier
538005478,Oil/Chemical Tanker
538005495,Tanker
538005498,Bulk Carrier
538005511,Tanker
538005521,Vehicles Carrier
538005567,Tanker
538005592,Container Ship
538005607,Bulk Carrier
538005608,Tanker D
538005609,Tanker
538005614,Tanker
538005616,Tanker
538005617,Vehicles Carrier
538005619,Cargo
538005622,Cargo
538005623,Cargo
538005625,Cargo B
538005642,Tanker
538005650,Oil/Chemical Tanker
538005654,Oil/Chemical Tanker
538005709,Cargo
538005713,Cargo
538005732,Cargo A
538005733,Cargo D
538005735,Cargo A
538005737,Tanker
538005739,Cargo
538005747,Cargo
538005751,Cargo
538005766,Cargo
538005772,Tanker B
538005776,Tanker A
538005780,Tanker
538005782,Tanker
538005783,Tanker B
538005785,Tanker
538005786,Tanker
538005788,Tanker
538005797,Crude Oil Tanker
538005803,Tanker
538005809,Tanker
538005814,Cargo
538005824,Tanker
538005829,Cargo
538005830,Bulk Carrier
538005831,Cargo
538005836,Tanker
538005863,Tanker
538005867,Tanker
538005868,Tanker
538005871,Crude Oil Tanker
538005884,Cargo
538005899,Bulk Carrier
538005902,Tanker
538005930,Cargo
538005938,Cargo
538005964,Cargo
538005967,Oil/Chemical Tanker
538005974,Bulk Carrier
538005992,Tanker
538006000,Cargo
538006005,Tanker
538006030,Tanker A
538006031,Cargo
538006033,Cargo
538006034,Cargo
538006036,Cargo
538006037,Tanker
538006045,Tanker
538006061,Cargo
538006073,Tanker
538006074,Tanker
538006075,Tanker
538006076,Tanker
538006078,Tanker
538006079,Tanker
538006080,Tanker
538006083,Cargo
538006084,Cargo
538006097,Cargo
538006099,Cargo
538006129,Tanker
538006130,Tanker
538006131,Tanker
538006132,Tanker
538006143,Cargo
538006157,Cargo
538006161,Oil/Chemical Tanker
538006168,Tanker
538006170,Bulk Carrier
538006172,Oil/Chemical Tanker
538006174,Cargo
538006175,Cargo
538006178,Tanker
538006179,Tanker
538006180,Tanker
538006181,Tanker
538006205,Cargo
538006215,Cargo
538006216,Oil Products Tanker
538006217,Oil Products Tanker
538006226,Tanker
538006229,Diving ops
538006242,Cargo
538006268,Cargo
538006270,Tanker
538006275,Cargo
538006279,Cargo
538006280,Cargo
538006281,Cargo
538006301,Cargo
538006303,Cargo
538006307,Tanker
538006313,Tanker
538006314,Tanker
538006326,Cargo
538006335,Bulk Carrier
538006356,Tanker
538006366,Tanker D
538006385,Bulk Carrier
538006389,Cargo
538006396,Bulk Carrier
538006427,Cargo
538006428,Cargo
538006429,Cargo
538006441,Oil Products Tanker
538006442,Cargo
538006443,Cargo
538006446,Tanker
538006447,Tanker
538006448,Tanker
538006458,Bulk Carrier
538006488,Tanker
538006489,Tanker
538006490,Tanker
538006501,Tanker
538006504,Tanker
538006507,Tanker
538006509,Cargo
538006520,Cargo
538006545,Tanker
538006597,Cargo
538006600,Cargo
538006603,Bulk Carrier
538006608,Tanker
538006609,Tanker
538006628,Bulk Carrier
538006648,Tanker
538006653,Cargo
538006654,Bulker
538006663,Bulk Carrier
538006666,Tanker
538006678,Bulk Carrier
538006689,Bulk Carrier
538006701,Tanker
538006703,Cargo
538006712,Passenger
538006713,Bulk Carrier
538006719,Tanker
538006742,Tanker
538006749,Cargo
538006752,Cargo
538006759,Cargo
538006761,Tanker
538006763,Tanker B
538006764,Tanker
538006769,Tanker
538006771,Tanker
538006798,Cargo
538006799,Cargo
538006814,Cargo
538006816,Tanker
538006817,Bulk Carrier
538006822,Tanker
538006823,Cargo
538006824,Cargo
538006835,Tanker D
538006838,Tanker B
538006840,Tanker
538006857,Bulk Carrier
538006860,Bulk Carrier
538006861,Bulk Carrier
538006864,Cargo
538006869,Crude Oil Tanker
538006892,Tanker
538006910,Bulk Carrier
538006921,Tanker
538006922,Tanker
538006925,Cargo
538006928,Lpg/Chemical Tanker
538006933,Cargo
538006935,Bulk Carrier
538006946,Tanker
538006947,Tanker
538006954,Bulk Carrier
538006958,Cargo
538006959,Cargo
538006962,Cargo
538006963,Cargo
538006970,Cargo
538006982,Cargo
538006983,Cargo
538007011,Cargo
538007019,Bulk Carrier
538007025,Cargo
538007029,Cargo
538007036,Bulk Carrier
538007040,Tanker
538007041,Tanker
538007043,Tanker
538007058,Oil/Chemical Tanker
538007065,Cargo
538007094,Tanker
538007095,Tanker
538007096,Bulk Carrier
538007100,Cargo
538007102,Tanker
538007109,Cargo
538007116,Bulk Carrier
538007117,Bulk Carrier
538007136,Tanker
538007138,Cargo
538007154,Tanker
538007157,Cargo
538007158,Bulk Carrier
538007170,Cargo
538007174,Bulk Carrier
538007181,Tanker
538007184,Tanker
538007194,Bulk Carrier
538007196,Cargo
538007206,Bulk Carrier
538007210,Bulk Carrier
538007216,Tanker
538007226,Cargo
538007228,Cargo
538007230,Cargo
538007234,Tanker
538007237,Cargo
538007238,Bulk Carrier
538007250,Cargo
538007251,Cargo
538007254,Bulk Carrier
538007255,Tanker
538007275,Tanker
538007297,Bulk Carrier
538007298,Cargo
538007299,Oil/Chemical Tanker
538007305,Cargo
538007308,Bulk Carrier
538007314,Bulk Carrier
538007318,Cargo
538007338,Bulk Carrier
538007350,Tanker
538007355,Bulk Carrier
538007360,Cargo A
538007361,Tanker
538007362,Tanker
538007364,Tanker
538007374,Tanker
538007378,Cargo A
538007379,Tanker
538007386,Cargo
538007397,Tanker
538007418,Bulk Carrier
538007419,Bulk Carrier
538007420,Cargo
538007438,Cargo
538007440,Cargo
538007452,Pilot Vessel
538007453,Cargo
538007461,Tanker
538007462,Tanker
538007463,Tanker
538007464,Bulk Carrier
538007477,Container Ship
538007479,Container Ship
538007480,Container Ship
538007481,Container Ship
538007483,Container Ship
538007485,Container Ship
538007488,Bulk Carrier
538007490,Cargo
538007492,Cargo
538007494,Tanker
538007495,Tanker
538007496,Oil/Chemical Tanker
538007497,Bulk Carrier
538007504,Cargo
538007511,Tanker
538007517,Cargo
538007523,Cargo
538007530,Bulk Carrier
538007531,Cargo
538007541,Bulk Carrier
538007549,Cargo
538007561,Tanker
538007562,Tanker
538007563,Tanker
538007573,Vehicles Carrier
538007580,Bulk Carrier
538007592,Vehicles Carrier
538007611,Vehicles Carrier
538007618,Bulk Carrier
538007620,Tanker
538007621,Tanker
538007622,Container Ship
538007631,Tanker
538007633,Bulk Carrier
538007638,Bulk Carrier
538007642,Bulk Carrier
538007644,Bulk Carrier
538007654,Tanker
538007655,General Cargo
538007670,Tanker
538007671,Tanker
538007680,Container Ship
538007693,Cargo
538007703,Bulk Carrier
538007731,Cargo
538007732,Cargo
538007733,Cargo
538007735,Cargo
538007736,Bulk Carrier
538007740,Bulk Carrier
538007757,Cargo
538007767,Vehicles Carrier
538007768,Vehicles Carrier
538007770,Bulk Carrier
538007787,Tanker
538007795,Bulk Carrier
538007810,Chemical Tanker
538007819,Oil/Chemical Tanker
538007835,Bulk Carrier
538007847,Cargo
538007848,Tanker
538007854,Cargo
538007856,Cargo
538007871,Cargo
538007894,Bulk Carrier
538007895,Cargo
538007897,Tanker
538007916,Tanker
538007926,Cargo
538007927,Bulk Carrier
538007931,Bulk Carrier
538007938,Container Ship
538007950,Bulk Carrier
538007951,Cargo
538007971,Bulk Carrier
538007977,Bulk Carrier
538007996,Bulk Carrier
538008000,Bulk Carrier
538008002,Cargo
538008003,Cargo
538008015,Cargo
538008025,Cargo
538008031,Cargo
538008032,Bulk Carrier
538008033,Cargo
538008043,Tanker
538008045,Cargo
538008060,Cargo
538008079,Tanker D
538008084,Crude Oil Tanker
538008098,Cargo
538008110,Bulk Carrier
538008112,Bulk Carrier
538008116,Tanker
538008118,Cargo
538008119,Cargo
538008122,Bulk Carrier
538008124,Oil Products Tanker
538008128,Cargo
538008130,Tanker
538008132,Cargo A
538008133,Cargo A
538008134,Cargo C
538008139,Oil Products Tanker
538008140,Cargo
538008152,Container Ship
538008155,Bulk Carrier
538008159,Tanker
538008161,Cargo
538008167,Tanker
538008168,Tanker
538008169,Tanker
538008171,Cargo
538008183,Bulk Carrier
538008189,Cargo
538008190,Tanker
538008208,Cargo
538008215,Tanker
538008218,Bulk Carrier
538008219,Tanker
538008220,Cargo
538008222,Bulk Carrier
538008224,Cargo
538008228,Cargo
538008243,Bulk Carrier
538008251,Bulk Carrier
538008253,Bulk Carrier
538008269,Tanker
538008273,Cargo
538008276,Cargo
538008300,Bulk Carrier
538008305,Cargo
538008306,Bulk Carrier
538008310,Tanker
538008313,Tanker
538008314,Tanker
538008327,Crude Oil Tanker
538008333,Crude Oil Tanker
538008334,Crude Oil Tanker
538008339,Cargo
538008341,Cargo
538008346,Bulk Carrier
538008360,Cargo
538008381,Tanker
538008382,Tanker
538008383,Tanker
538008384,Not available
538008387,Cargo
538008388,Cargo
538008389,Cargo
538008390,Cargo
538008393,Cargo
538008398,Bulk Carrier
538008412,Oil Products Tanker
538008415,Oil Products Tanker
538008418,Tanker
538008422,Tanker
538008423,Tanker
538008429,Cargo
538008434,Cargo
538008449,Tanker
538008453,Cargo
538008465,Cargo
538008467,Cargo
538008492,Cargo
538008495,Cargo
538008507,Cargo
538008508,Cargo
538008509,Cargo
538008510,Cargo
538008511,Bulk Carrier
538008523,Tanker
538008525,Tanker
538008539,Bulk Carrier
538008540,Bulk Carrier
538008542,Cargo
538008569,Bulk Carrier
538008580,Tanker
538008582,Tanker
538008590,Cargo
538008592,Bulk Carrier
538008593,Container Ship
538008595,Cargo
538008596,Bulk Carrier
538008600,Bulk Carrier
538008602,Bulk Carrier
538008604,Crude Oil Tanker
538008607,Cargo
538008610,Cargo
538008620,Bulk Carrier
538008626,Crude Oil Tanker
538008654,Bulk Carrier
538008655,Tanker
538008657,Cargo
538008658,Bulk Carrier
538008660,Cargo
538008667,Cargo
538008668,Bulk Carrier
538008669,Cargo
538008670,Oil/Chemical Tanker
538008672,Cargo
538008682,Bulk Carrier
538008689,Bulk Carrier
538008691,Cargo C
538008694,Bulk Carrier
538008703,Tanker
538008704,Tanker
538008705,Tanker B
538008706,Tanker B
538008717,Oil Products Tanker
538008718,Tanker
538008720,Cargo
538008723,Bulk Carrier
538008724,Tanker
538008748,Bulk Carrier
538008750,Cargo
538008754,Bulk Carrier
538008755,Container Ship
538008763,Bulk Carrier
538008771,Tanker
538008773,Cargo
538008774,Bulk Carrier
538008776,Cargo
538008785,Crude Oil Tanker
538008792,Cargo
538008793,Cargo
538008797,Cargo
538008806,Tanker B
538008811,Cargo A
538008812,Tanker
538008814,Tanker
538008815,Tanker
538008816,Tanker
538008832,Tanker
538008833,Tanker A
538008846,Cargo
538008850,Cargo
538008852,Oil Products Tanker
538008855,Cargo
538008866,Cargo
538008867,Cargo
538008868,Cargo
538008869,Cargo
538008876,Tanker
538008878,Tanker
538008879,Tanker
538008881,Tanker
538008883,Cargo
538008887,Tanker
538008888,Cargo
538008899,Tanker
538008900,Cargo
538008910,Cargo
538008912,Tanker
538008913,Tanker
538008921,Cargo
538008922,Cargo
538008923,Tanker B
538008933,Cargo
538008934,Not available
538008936,Cargo
538008946,Cargo D
538008947,Crude Oil Tanker
538008954,Bulk Carrier
538008955,Bulk Carrier
538008958,Cargo
538008959,Ore Carrier
538008970,Bulk Carrier
538008976,Tanker
538008980,Cargo
538008981,Cargo
538008987,Cargo
538008989,Tanker
538008994,Cargo
538009002,Cargo
538009011,Bulk Carrier
538009017,Cargo
538009018,Cargo
538009022,Tanker
538009029,Cargo
538009030,Cargo
538009039,Crude Oil Tanker
538009040,Crude Oil Tanker
538009043,Cargo
538009050,Tanker
538009056,Tanker
538009058,Tanker
538009062,Wood Chips Carrier
538009063,Cargo
538009076,Cargo
538009083,Tanker
538009084,Tanker
538009088,Cargo
538009090,Cargo
538009104,Cargo
538009110,Cargo
538009112,Bulk Carrier
538009113,Cargo
538009116,Cargo
538009117,Tanker
538009119,Cargo
538009126,Container Ship
538009127,Cargo
538009128,Bulk Carrier
538009129,Bulk Carrier
538009148,Bulk Carrier
538009150,Bulk Carrier
538009152,Tanker
538009156,Oil/Chemical Tanker
538009157,Oil/Chemical Tanker
538009159,Cargo
538009160,Cargo
538009183,Tanker
538009189,Bulk Carrier
538009198,Tanker
538009205,Tanker
538009206,Tanker
538009218,Cargo
538009222,Tanker
538009227,Bulk Carrier
538009232,Tanker
538009241,Tanker
538009251,Bulk Carrier
538009252,Crude Oil Tanker
538009261,Cargo
538009284,Bulk Carrier
538009287,Container Ship
538009288,Tanker
538009296,Cargo
538009315,Bulk Carrier
538009321,Tanker
538009322,Tanker
538009333,Bulk Carrier
538009340,Cargo
538009341,Cargo
538009348,Bulk Carrier
538009352,Cargo
538009353,Cargo
538009356,Cargo
538009365,Bulk Carrier
538009372,Cargo
538009373,Cargo D
538009374,Tanker D
538009376,Cargo
538009378,Cargo
538009379,Cargo
538009400,Container Ship
538009401,Bulk Carrier
538009406,Tanker
538009408,Cargo
538009409,Crude Oil Tanker
538009417,Crude Oil Tanker
538009419,Bulk Carrier
538009421,Bulk Carrier
538009428,Bulk Carrier
538009433,Cargo
538009434,Bulk Carrier
538009436,Bulk Carrier
538009438,Cargo
538009446,Cargo
538009447,Cargo
538009453,Cargo
538009464,Oil/Chemical Tanker
538009474,Tanker
538009477,Bulk Carrier
538009484,Cargo
538009501,Tanker
538009506,Cargo
538009507,Cargo
538009509,Oil/Chemical Tanker
538009526,Cargo
538009531,Bulk Carrier
538009532,Oil/Chemical Tanker
538009538,Bulk Carrier
538009545,Bulk Carrier
538009549,Oil/Chemical Tanker
538009551,Lng Tanker
538009555,Cargo
538009556,Cargo
538009572,Cargo
538009576,Reefer
538009582,Tanker
538009583,Cargo
538009589,Cargo
538009593,Cargo
538009594,Cargo
538009602,Container Ship
538009605,Container Ship
538009607,Oil Products Tanker
538009609,Cargo
538009610,Cargo
538009611,Research/Survey Vessel
538009624,Container Ship
538009626,Cargo
538009627,Cargo
538009637,Oil/Chemical Tanker
538009638,Tanker
538009642,Tanker
538009643,Tanker
538009644,Bulk Carrier
538009650,Bulk Carrier
538009655,Bulk Carrier
538009657,Cargo
538009658,Bulk Carrier
538009659,Bulk Carrier
538009660,Bulk Carrier
538009662,Bulk Carrier
538009667,Bulk Carrier
538009668,Tanker
538009686,Oil/Chemical Tanker
538009688,Not available
538009689,Cargo
538009701,Cargo
538009710,Bulk Carrier
538009711,Cargo
538009715,Tanker
538009727,Cargo
538009728,Cargo
538009731,Vehicles Carrier
538009736,Tanker
538009739,Tanker
538009740,Cargo
538009745,Lng Tanker
538009749,Container Ship
538009750,Cargo
538009752,Cargo
538009753,Lng Tanker
538009754,Lng Tanker
538009755,Lng Tanker
538009765,Cargo
538009766,Cargo
538009767,Lng Tanker
538009768,Lng Tanker
538009769,Lng Tanker
538009770,Lng Tanker
538009771,Lng Tanker
538009772,Lng Tanker
538009773,General Cargo
538009774,General Cargo
538009775,General Cargo
538009776,General Cargo
538009788,Oil/Chemical Tanker
538009790,Bulk Carrier
538009796,Bulk Carrier
538009797,Bulk Carrier
538009798,Cargo
538009813,Bulk Carrier
538009815,Cargo
538009817,Vehicles Carrier
538009825,Tanker
538009826,Tanker
538009830,Container Ship
538009831,Container Ship
538009843,Cargo
538009846,Cargo
538009847,Tanker
538009860,Crude Oil Tanker
538009862,Cargo
538009866,Bulk Carrier
538009867,Bulk Carrier
538009870,Cargo
538009872,Tanker
538009876,Bulk Carrier
538009885,Tanker
538009887,Oil/Chemical Tanker
538009899,Cargo
538009900,Cargo
538009902,Tanker
538009909,Oil/Chemical Tanker
538009910,Oil/Chemical Tanker
538009911,Bulk Carrier
538009916,Cargo
538009918,Cargo
538009920,Bulk Carrier
538009929,Cargo
538009938,Cargo
538009954,Vehicles Carrier
538009960,Bulk Carrier
538009961,Bulk Carrier
538009964,Bulk Carrier
538009965,Cargo
538009966,Bulk Carrier
538009968,Tanker
538009979,Bulk Carrier
538009984,Tanker
538009985,Tanker
538009992,Cargo
538009995,Bulk Carrier
538009996,Cargo
538009997,Cargo
538010010,Bulk Carrier
538010013,Tanker
538010014,Crude Oil Tanker
538010018,Tanker
538010019,Tanker
538010020,Tanker
538010021,Tanker
538010028,Container Ship
538010029,Container Ship
538010032,Crude Oil Tanker
538010036,Bulk Carrier
538010037,Container Ship
538010040,Crude Oil Tanker
538010046,Cargo
538010059,Tanker
538010067,Cargo
538010068,Cargo
538010070,Cargo
538010071,Bulk Carrier
538010074,Bulk Carrier
538010075,Oil/Chemical Tanker
538010076,Bulk Carrier
538010083,Cargo
538010087,Bulk Carrier
538010088,Tanker
538010089,Tanker
538010090,Tanker
538010091,Cargo
538010093,Cargo
538010107,Cargo
538010116,Cargo
538010117,Tanker
538010120,Cargo
538010121,Cargo
538010134,Bulk Carrier
538010135,Oil/Chemical Tanker
538010136,Cargo
538010142,Tanker
538010145,Bulk Carrier
538010148,Bulk Carrier
538010162,Vehicles Carrier
538010172,Tanker
538010176,Reserved for future use
538010182,Tanker
538010183,Tanker
538010185,Tanker
538010186,Tanker
538010188,Crude Oil Tanker
538010197,Crude Oil Tanker
538010198,Cargo
538010202,Cargo
538010204,Cargo
538010222,Cargo
538010228,Bulk Carrier
538010229,Crude Oil Tanker
538010233,Tanker
538010238,Tanker
538010240,Cargo
538010241,Cargo
538010249,Bulk Carrier
538010257,Crude Oil Tanker
538010263,Cargo
538010271,Cargo
538010274,Cargo
538010276,Cargo
538010277,Cargo
538010278,Cargo
538010280,Cargo
538010295,Tanker D
538010304,Cargo
538010329,Oil/Chemical Tanker
538010333,Not available
538010344,Cargo A
538010345,Cargo
538010354,Tanker
538010355,Tanker
538010356,Tanker
538010360,Tanker
538010361,Tanker
538010362,Tanker
538010366,Cargo
538010368,Bulk Carrier
538010379,Bulk Carrier
538010385,Cargo
538010389,Cargo
538010395,Bulk Carrier
538010411,Cargo
538010412,Tanker
538010419,Oil Products Tanker
538010421,Bulk Carrier
538010422,Oil Products Tanker
538010430,Cargo
538010431,Bulk Carrier
538010434,Cargo
538010438,Bulk Carrier
538010445,Tanker
538010446,Cargo
538010447,Cargo
538010448,Tanker
538010451,Bulk Carrier
538010452,Tanker
538010453,Tanker
538010454,Tanker
538010456,Crude Oil Tanker
538010458,Tanker
538010461,Tanker
538010462,Tanker
538010471,Tanker
538010474,Cargo
538010477,Oil/Chemical Tanker
538010481,Cargo
538010482,Cargo
538010483,Bulk Carrier
538010497,Cargo
538010506,Cargo
538010508,Cargo
538010512,Cargo
538010515,Tanker
538010517,Bulk Carrier
538010521,Bulk Carrier
538010532,Cargo
538010533,Cargo
538010534,Cargo
538010535,Cargo
538010538,Cargo
538010539,Cargo
538010557,Bulk Carrier
538010565,Cargo
538010570,Tanker D
538010573,Bulk Carrier
538010578,Oil/Chemical Tanker
538010579,Crude Oil Tanker
538010581,Cargo
538010583,Cargo
538010584,Cargo
538010585,Cargo
538010586,Cargo
538010587,Cargo
538010594,Bulk Carrier
538010598,Cargo
538010599,Cargo
538010600,Cargo
538010602,Cargo
538010606,Cargo
538010613,Tanker D
538010616,Cargo
538010621,Cargo
538010637,Cargo
538010641,Container Ship
538010649,Tanker
538010650,Tanker
538010651,Cargo
538010652,Cargo
538010653,Cargo
538010668,Cargo
538010670,Container Ship
538010679,Bulk Carrier
538010680,Cargo
538010683,Cargo
538010686,Bulk Carrier
538010690,Cargo D
538010692,Bulk Carrier
538010698,Tanker
538010703,Cargo
538010707,Cargo
538010718,General Cargo
538010721,Bulk Carrier
538010725,Bulk Carrier
538010729,Bulk Carrier
538010732,Cargo
538010733,Crude Oil Tanker
538010737,Cargo
538010741,Cargo C
538010754,Cargo
538010762,Cargo
538010763,Bulk Carrier
538010764,Bulk Carrier
538010765,Bulk Carrier
538010771,Cargo
538010772,Other Type
538010774,Ore Carrier
538010775,Cargo
538010787,Cargo
538010793,Cargo D
538010800,Cargo
538010812,Cargo
538010813,Cargo A
538010815,Cargo
538010818,Oil/Chemical Tanker
538010821,Cargo
538010822,Cargo
538010825,Bulk Carrier
538010829,Cargo
538010837,Container Ship
538010840,Crude Oil Tanker
538010849,Cargo
538010851,Cargo
538010855,Cargo
538010857,Cargo
538010858,Cargo
538010875,Cargo
538010877,Cargo
538010882,Tanker
538010883,Tanker
538010884,Tanker
538010885,Tanker
538010886,Tanker
538010887,Tanker
538010888,Tanker
538010889,Tanker
538010890,Tanker
538010891,Tanker
538010892,Tanker
538010893,Tanker
538010894,Cargo
538010895,Tanker
538010896,Tanker
538010897,Tanker
538010899,Bulk Carrier
538010902,Tanker
538010911,Bulk Carrier
538010919,Cargo
538010939,Other Type
538010941,Other Type
538010944,General Cargo
538010946,Cargo
538010958,Cargo
538010960,Oil/Chemical Tanker
538010962,Cargo
538010963,Cargo
538010972,Bulk Carrier
538010975,Bulk Carrier
538010977,Cargo
538010979,General Cargo
538010989,Tanker
538010991,Cargo
538010999,Bulk Carrier
538011001,Bulk Carrier
538011004,Tanker
538011005,Tanker
538011006,Tanker
538011010,Bulk Carrier
538011011,Cargo
538011013,Crude Oil Tanker
538011015,Cargo A
538011020,Cargo A
538011024,Oil/Chemical Tanker
538011027,Oil Products Tanker
538011029,Oil/Chemical Tanker
538011035,Bulk Carrier
538011036,Cargo
538011040,Bulk Carrier
538011041,Tanker
538011042,Tanker
538011043,Tanker
538011054,Tanker
538011057,Bulk Carrier
538011064,Cargo
538011066,Cargo
538011072,Cargo
538011073,Cargo
538011074,Cargo D
538011075,Cargo A
538011079,Cargo
538011081,Cargo
538011085,Cargo
538011088,Tanker
538011094,Cargo
538011095,Tanker D
538011100,Cargo A
538011101,Cargo
538011102,Bulk Carrier
538011110,Cargo
538011111,Tanker
538011117,Crude Oil Tanker
538011124,Crude Oil Tanker
538011131,Cargo
538011132,Oil Products Tanker
538011133,Cargo
538011134,Cargo
538011135,Crude Oil Tanker
538011144,Cargo
538011148,Tanker
538011149,Bulk Carrier
538011155,Cargo
538011167,Cargo
538011168,Tug
538011180,Cargo
538011182,Cargo
538011183,Cargo
538011185,Cargo
538011188,Oil/Chemical Tanker
538011189,Tanker
538011190,Tanker
538011191,Tanker
538011194,Tanker
538011197,Cargo
538011198,Cargo D
538011200,Bulk Carrier
538011208,Cargo
538011213,Cargo
538011216,Tanker
538011219,Cargo
538011221,Vehicles Carrier
538011230,Cargo
538011232,Bulk Carrier
538011233,Cargo
538011239,Tanker
538011240,Cargo
538011249,Cargo
538011258,Bulk Carrier
538011260,Bulk Carrier
538011262,Tanker
538011264,Tanker
538011266,Tanker
538011276,Cargo
538011277,Cargo
538011278,Cargo
538011279,Cargo
538011285,Cargo
538011294,Cargo
538011300,Oil/Chemical Tanker
538011311,Crude Oil Tanker
538011317,Cargo
538011319,Other Type
538011322,Bulk Carrier
538011327,Oil/Chemical Tanker
538011330,Oil/Chemical Tanker
538011332,Oil/Chemical Tanker
538011333,Oil/Chemical Tanker
538011334,Oil/Chemical Tanker
538011335,Oil/Chemical Tanker
538011336,Tanker
538011338,Tanker A
538011341,Cargo
538011344,Bulk Carrier
538011352,Cargo
538011353,Oil Products Tanker
538011354,Tanker
538011358,Bulk Carrier
538011374,Tanker
538011383,Cargo
538011385,Cargo
538011386,Bulk Carrier
538011388,Cargo
538011391,Lng Tanker
538011393,Cargo
538011396,Cargo
538011398,Bulk Carrier
538011399,Offshore Supply Ship
538011402,Bulk Carrier
538011406,Cargo
538011420,Bulk Carrier
538011423,Cargo
538011425,Cargo
538011428,Cargo
538011431,Tanker
538011433,Cargo
538011434,Cargo
538011448,Bulk Carrier
538011450,Tanker
538011460,General Cargo
538011461,General Cargo
538011463,Bulk Carrier
538011464,Tanker
538011470,Tanker
538011472,Tanker
538011477,Bulk Carrier
538011482,Bulk Carrier
538011484,Oil/Chemical Tanker
538011491,Tanker
538011512,Cargo A
538011519,Tanker
538011520,Crude Oil Tanker
538011521,General Cargo
538011522,Bulk Carrier
538011523,Bulk Carrier
538011525,Cargo
538011526,Cargo
538011528,Cargo
538011538,Cargo
538011540,Bulk Carrier
538011541,Tanker
538011547,Oil/Chemical Tanker
538011552,Cargo
538011558,Tanker
538011559,Other Type
538011560,Cargo
538011566,Cargo
538011576,Cargo
538011577,Cargo
538011578,Cargo
538011580,Cargo
538011581,Cargo
538011584,Cargo
538011588,Tanker
538011595,Tanker
538011597,Cargo
538011639,Cargo
538011641,Tanker
538011645,Crude Oil Tanker
538011648,Tanker
538011649,Tanker
538011650,Crude Oil Tanker
538011652,Crude Oil Tanker
538011657,Other Type
538011659,Crude Oil Tanker
538011660,Crude Oil Tanker
538011663,Tanker
538011677,Bulk Carrier
538011678,Cargo
538011680,Cargo
538011681,Cargo
538011684,Tanker
538011686,Tanker
538011688,Tanker
538011692,Cargo
538011696,Tanker
538011697,Tanker
538011698,Crude Oil Tanker
538011700,Bulk Carrier
538011702,Cargo
538011707,Tanker
538011708,Cargo
538011709,Cargo
538011715,Tanker
538011716,Tanker
538011730,Crude Oil Tanker
538011733,Bulk Carrier
538011736,Tanker
538011739,Cargo
538011740,Bulk Carrier
538011749,Tanker
538011753,Cargo
538011754,Crude Oil Tanker
538011763,Bulk Carrier
538011765,Cargo
538011767,Oil/Chemical Tanker
538011772,Tanker
538011779,Cargo
538011782,Cargo
538011783,Cargo
538011786,Cargo
538011787,Tug
538011788,Tanker
538011798,Tanker
538011801,Tanker
538011805,Crude Oil Tanker
538011815,Cargo
538011816,Bulk Carrier
538011817,Other Type
538011820,Tanker
538011828,Crude Oil Tanker
538011835,Cargo
538011837,Crude Oil Tanker
538011842,Not available
538011843,Tanker
538011844,Container Ship
538011846,Tanker
538011855,Oil Products Tanker
538011863,Bulk Carrier
538011874,Tanker
538011878,Bulk Carrier
538011880,Bulk Carrier
538011887,Bulk Carrier
538011890,Lpg Tanker
538011896,Tanker
538011897,Bulk Carrier
538011914,Tanker
538011922,Tanker
538011923,Tanker
538011924,Cargo
538011928,Not available
538011929,Bulk Carrier
538011933,Oil/Chemical Tanker
538011936,Oil/Chemical Tanker
538011938,Oil/Chemical Tanker
538011948,Crude Oil Tanker
538011949,Crude Oil Tanker
538011950,Oil/Chemical Tanker
538011957,Cargo
538011968,Vehicles Carrier
538011972,Tanker
538011974,Bulk Carrier
538011979,Bulk Carrier
538011980,Oil/Chemical Tanker
538011983,Oil Products Tanker
538011984,Bulk Carrier
538011986,Lpg Tanker
538011989,Tanker
538011998,Bulk Carrier
538012001,Cargo A
538012002,Cargo A
538012013,Bulk Carrier
538012014,Bulk Carrier
538012063,Oil/Chemical Tanker
538012071,Cargo
538012078,Crude Oil Tanker
538012107,Bulk Carrier
538012117,Bulk Carrier
538012120,Container Ship
538012217,Bulk Carrier
538012236,Crude Oil Tanker
538071199,Pleasure Craft
538090064,General Cargo
538090308,Oil Products Tanker
538090525,Bulk Carrier
538090557,Cargo
538090571,Container Ship
538090574,Tanker
538090582,Container Ship
538090614,Cargo
538090615,Oil Products Tanker
538090617,Oil Products Tanker
538090625,Cargo
538090648,Vehicles Carrier
538090649,Cargo
538090653,Bulk Carrier
538090668,Bulk Carrier
538090670,Bulk Carrier
538090673,Bulk Carrier
538090679,Cargo
538090686,General Cargo
538090696,Bulk Carrier
538090702,Bulk Carrier
538090712,Tanker
538090720,Tanker
542123457,Towing
542205110,Passenger
542218110,Tug
542249110,Cargo
542444110,Other Type
542560110,Tanker
542733110,Offshore Supply Ship
542782110,Cargo
542785110,Offshore Supply Ship
542787110,Tanker
548263500,General Cargo
548539000,Cargo
548651000,Tanker A
548676000,Cargo
548687000,Cargo
548688000,Cargo
548690000,Cargo
548706000,Cargo
548713000,Cargo
548722000,Cargo
548723000,General Cargo
548732000,Cargo
548736000,Cargo
548753000,Cargo
548757000,Cargo
548758000,Cargo
548764000,Cargo
548773000,Cargo
548776000,Cargo
548778000,Cargo
548781000,Cargo
548809000,General Cargo
548837000,General Cargo
548845000,General Cargo
548849000,Cargo
548854000,General Cargo
548857000,Cargo
548864000,Cargo
548894000,Tanker
548908000,Cargo
548921000,Cargo
548934000,Tanker B
548942000,Tanker
548945000,Cargo
548953000,Cargo
548954000,Cargo
548955000,Tanker
548971000,Cargo
548972000,Tanker
548974000,Cargo
548978000,Cargo
548979000,Cargo
548981000,Cargo
548985000,General Cargo
548990000,Cargo
548993500,Not available
548998000,Cargo
548999000,Cargo
550071125,Crude Oil Tanker
562752126,NOT_FOUND
563000000,Tanker
563000001,Pleasure Craft
563000400,Container Ship
563000500,Container Ship
563000510,Passengers Ship
563000600,Container Ship
563001100,Container Ship
563001200,Container Ship
563001240,Cargo
563001270,Water Tanker
563001300,Cargo
563001700,Cargo A
563002200,Cargo
563002250,Pusher Tug
563002840,High speed craft
563002940,High speed craft
563003100,Cargo
563003240,Tug
563003330,High speed craft
563003350,Oil/Chemical Tanker
563003360,Tug
563003730,Tug
563004200,Cargo
563004560,Tug
563004630,Tug
563004680,Tug
563004940,Tug
563005100,Bulk Carrier
563005320,Tug
563005620,Tug
563005800,Tug
563006110,Towing
563006200,Cargo
563006410,Tug
563006530,Tug
563006800,Cargo
563006900,Cargo
563006910,Tug
563007280,Tug
563007580,Tug
563007610,Tug
563007650,Tug
563007780,Tug
563008300,Cargo
563008450,Passengers Ship
563008480,Tug
563008600,Cargo
563008910,Tug
563009046,Tug
563009060,Tug
563009160,Oil Products Tanker
563009180,Tug
563009190,Tug
563009210,Tug
563009220,Tug
563009240,Other Type
563009290,Tug
563009410,Tug
563009420,Tug
563009840,Tug
563009850,Tug
563009860,Tug
563009880,Tug
563010100,Tug
563010200,Towing
563010320,Oil Products Tanker
563010400,Cargo
563010620,Pilot Vessel
563010650,Not available
563010700,Tanker
563010750,Towing
563011110,Tug
563011450,Tug
563011480,Tug
563011690,Tug
563012100,Bulk Carrier
563012390,Tug
563012600,High speed craft
563012720,Oil Products Tanker
563013110,Tug
563013300,Tanker B
563013440,Tug
563013850,Not available
563014110,Other Type
563014320,Tug
563014400,Cargo
563014650,Tanker
563014970,Towing
563014980,Tug
563015100,Oil/Chemical Tanker
563015230,Tug
563015300,Tanker
563015370,Tug
563015500,Oil/Chemical Tanker
563015540,Tug
563015600,Bulk Carrier
563015800,Cargo
563015950,Training Ship
563016040,Pleasure Craft
563016100,Tanker
563016200,Tanker
563016300,Tanker
563016600,Cargo
563016700,Cargo
563017480,Tanker
563017700,Tanker
563017800,Cargo A
563017900,Cargo
563018100,Cargo
563018400,Tanker
563018710,Bulk Carrier
563018760,Tug
563018780,Not available
563019440,Tug
563019500,Cargo
563019640,Passenger
563019670,Passenger
563019800,Tanker
563020100,Cargo
563020300,Tanker
563020400,Cargo A
563020900,Other Type
563021040,Pilot Vessel
563021060,Passenger
563021070,Not available
563021100,Tanker
563021390,Tanker
563021420,Cargo
563021430,Pilot Vessel
563021450,Pilot Vessel
563021460,Pilot Vessel
563021470,Tanker
563021600,Cargo
563021620,Tug
563021670,Cargo
563021700,Tanker C
563021940,Tug
563022120,Tug
563022170,---
563022200,Tanker
563022400,Tug
563022620,Dredging or underwater ops
563022630,Other Type
563022640,Tug
563022700,Tanker
563022800,Tanker
563022820,Tug
563023010,Tug
563023200,Tug
563023490,Tanker
563024100,Tanker
563024400,Tanker
563024500,Tanker
563024520,Tug
563024740,Tug
563025390,Bunkering Tanker
563025420,Tanker
563025600,Container Ship
563025850,Pilot Vessel
563026200,Tanker
563026400,Tanker
563026590,Buoy-laying Vessel
563026600,High speed craft
563026700,Cargo A
563026800,Tanker
563027070,Tug
563027100,Tanker
563027320,Port Tender
563027640,Tanker
563027670,Passenger
563027730,Passenger
563027790,Tug
563027860,Tug
563027990,Tanker
563028400,Cargo
563028450,Tanker D
563028460,Tanker
563028570,Passenger
563028800,Tanker
563029230,Tanker
563029300,Tug
563029800,Cargo
563029900,Cargo A
563029950,Not available
563030050,Wing in ground
563030060,Pilot Vessel
563030300,Oil/Chemical Tanker
563030500,Cargo A
563030600,Tanker
563030620,Tanker
563030690,Tanker
563030850,Tanker
563031280,Dredging or underwater ops
563031300,Tanker
563031380,Port Tender
563031390,Port Tender
563031580,Cargo
563032400,Tanker
563032610,Tug
563032800,Container Ship
563032950,Not available
563032960,Cargo
563033000,Cargo D
563033090,Towing
563033100,Tanker
563033240,Tanker
563033340,Passengers Landing Craft
563033400,Cargo
563033480,Tug
563033530,Tug
563033560,Tug
563033720,Tanker
563033760,Tanker
563033800,Cargo
563034080,Reserved for future use
563034100,Tanker B
563034300,Tanker
563034430,Tanker
563034500,High speed craft B
563034560,Tanker
563034800,Cargo A
563034900,Cargo A
563034920,Tanker
563035210,Not available
563035310,Pleasure Craft
563035400,Container Ship
563035410,Dredging or underwater ops
563035740,Tug
563035750,Dredging or underwater ops
563035900,Tanker
563035910,Tug
563036100,Other Type
563036130,Cargo
563036170,Cargo
563036200,Tanker
563036280,Dredging or underwater ops
563036330,Tanker
563036350,Towing
563036620,Passenger
563036640,Not available
563036700,Tanker
563037440,Other Type
563037600,Tanker
563037700,Tanker
563037800,Tanker
563037890,Tug
563038000,Oil Products Tanker
563038260,Cargo
563038490,Tanker
563038700,Tanker
563039300,Reserved for future use
563039660,Tug
563040038,Pleasure Craft
563040039,Pleasure Craft
563040070,Pleasure Craft
563040313,Pleasure Craft
563040465,Pleasure Craft
563040470,Pleasure Craft
563040700,Cargo
563041156,Tug
563041170,Pleasure Craft
563041171,Pleasure Craft
563041900,Tanker
563042200,Cargo A
563042400,Cargo
563042900,Oil Products Tanker
563043400,Cargo
563043600,Cargo
563043700,Cargo
563043900,Tanker
563045200,Cargo
563046100,Tanker B
563046600,Tanker
563046760,Pleasure Craft
563046800,Tanker
563047100,Tanker B
563047500,Tanker
563047700,Oil/Chemical Tanker
563047900,Tanker
563048100,Tanker
563048400,Container Ship
563049100,Container Ship
563049800,High speed craft
563050200,Container Ship
563050300,Container Ship
563051100,Cargo D
563051600,Container Ship
563051800,Container Ship
563052200,Container Ship
563052300,Container Ship
563052400,Container Ship
563052500,Container Ship
563052700,Container Ship
563052900,Container Ship
563053700,Container Ship
563053800,Cargo
563054100,Tanker
563055000,Tug
563055200,Anchor Handling Vessel
563055500,Tug
563055600,Tug
563056100,Tanker
563056400,Tanker
563057400,Cargo
563057500,High speed craft
563057600,Cargo
563057800,Tanker
563058600,Bulk Carrier
563059500,Tanker C
563059600,Tanker
563059800,Floating Sheerleg
563059900,Tanker B
563060100,Other Type
563060200,Other Type
563060700,Tanker
563060900,Oil/Chemical Tanker
563061300,Container Ship
563061700,Tanker
563062300,Cargo
563062780,Other Type
563062800,Tanker
563063210,Tug
563063380,Pleasure Craft
563063740,Tug
563064400,Other Type
563064600,Cargo
563065100,Tanker
563065300,Cargo
563065560,Tanker
563065800,Cargo
563066180,Tug
563066530,Tug
563066540,Tug
563066630,Reserved for future use
563067030,Pleasure Craft
563067430,Bunkering Tanker
563067500,Tanker
563067600,Cargo
563067950,Not available
563068200,Cargo
563068300,Cargo
563068400,Tanker
563068500,Tanker
563068520,Passenger
563068530,Passenger
563068570,Passenger
563068580,Passenger
563068590,Passenger
563068600,Tanker
563068900,Cargo D
563069100,Tanker
563069220,Tug
563069230,Tug
563069300,Tanker
563069360,Other Type
563069390,Tug
563069730,Tug
563069740,Tug
563069820,Tug
563069900,Cargo D
563069950,Tanker
563070100,High speed craft
563070140,Tug
563070350,Tug
563070510,Tug
563070590,Tug
563070600,Tanker
563070820,Port Tender
563070940,Pilot Vessel
563070950,Not available
563071070,Pilot Vessel
563071310,Passenger
563071320,Spare - Local Vessel
563071330,Other Type D
563071400,Tanker B
563071620,Cargo
563071760,Tanker
563072700,Cargo
563072790,Cargo
563073090,Port Tender
563073120,Port Tender
563073200,Cargo
563073220,Tanker
563073310,Tug
563073340,Tug
563073350,Other Type
563073360,Tug
563073400,Tanker
563073570,Tug
563073580,Tug
563073600,Tanker
563073720,Not available
563073730,Not available
563073820,Reserved for future use
563073960,Cargo
563074181,NOT_FOUND
563074270,High speed craft
563074440,Other Type
563074570,Tug
563074580,Tug
563074800,Multi Purpose Offshore Vessel
563074900,Anchor Handling Vessel
563074930,Tug
563075140,Tug
563075510,Container Ship
563075590,Cargo
563075860,Tug
563076280,Noncombatant ship
563076400,Cargo
563076740,Cargo
563076900,Cargo
563077010,Other Type
563077100,Cargo
563077200,Tanker B
563077500,Cargo
563077510,Pleasure Craft
563077750,Tug
563077880,Tanker
563077900,Tanker
563077940,Pilot Vessel
563078070,Pleasure Craft
563078100,Tanker
563078370,Pleasure Craft
563078400,Container Ship
563078430,Tanker
563078700,Tanker
563078770,Fishing
563078860,Pilot Vessel
563079190,Cargo
563079360,Towing
563079370,Dredging or underwater ops
563079390,Tanker
563079400,Cargo
563079500,Tanker
563079580,Pleasure Craft
563079600,Oil Products Tanker
563079900,Oil/Chemical Tanker
563079960,Sailing
563080160,Port Tender
563080300,Cargo
563080600,Tanker
563080700,Tanker
563081140,Pleasure Craft
563081600,Cargo
563081800,Cargo
563082100,Tanker
563082500,Cargo
563082550,Not available
563082690,Tanker
563082800,Tanker
563082830,Tug
563082900,Container Ship
563082950,Tug
563083200,Tanker
563083240,Pleasure Craft
563083300,Cargo
563083340,Tug
563083400,Cargo A
563083550,Tanker
563083710,Pilot Vessel
563083720,Not available
563083790,Tanker
563083810,Tanker
563083840,Tug
563083990,Tanker
563084060,Tanker
563084200,Cargo
563084210,Pleasure Craft
563084240,Not available
563084440,Tanker
563084740,Tug
563084800,Container Ship
563084860,Tanker
563085080,Pilot Vessel
563085100,Tanker
563085310,Other Type
563085320,Tanker B
563085450,Tug
563085570,Cargo
563085680,Pilot Vessel
563085710,Tug
563085720,Tug
563085870,Tanker
563085890,Tanker
563085930,Tanker
563086060,Tanker
563086080,Not available
563086090,Not available
563086160,Cargo
563086270,Tanker
563086370,Pleasure Craft
563086580,Tug
563086590,Tug
563086900,Oil/Chemical Tanker
563087090,Tug
563087100,Tanker
563087110,Not available
563087150,Not available
563087160,Not available
563087600,Cargo A
563088500,Cargo
563088600,Cargo
563088700,Cargo
563089300,Cargo
563089700,Tanker
563090500,Cargo A
563090600,Tanker
563091000,General Cargo
563091100,Cargo A
563091400,Tanker
563091800,Tanker
563092000,Oil Products Tanker
563093200,Cargo
563093600,Tanker
563094300,Tanker
563094400,Cargo
563094600,Bulk Carrier
563095400,Cargo D
563095500,Container Ship
563095900,Oil/Chemical Tanker
563096800,Oil/Chemical Tanker
563097000,Oil Products Tanker
563097100,Cargo
563097300,Cargo
563097400,Cargo
563097600,Tanker
563098800,Tanker
563099000,Crude Oil Tanker
563099400,Cargo
563099500,Cargo
563100400,Cargo
563100900,Tanker
563101100,Tanker
563101200,Cargo
563101300,Tanker
563101900,Cargo A
563102200,Cargo
563102300,Tanker
563102900,Tanker
563103300,Tanker A
563103400,Container Ship
563103700,Oil/Chemical Tanker
563103900,General Cargo
563104200,Tanker
563104400,Oil/Chemical Tanker
563105200,Oil/Chemical Tanker
563105400,Cargo
563105500,Tanker
563105800,Cargo C
563105900,Tug
563106100,Towing
563106400,Cargo
563106800,Oil/Chemical Tanker
563106900,Cargo
563107100,Cargo A
563107200,Cargo
563107600,Cargo
563107700,Tanker
563107800,Cargo
563108500,Tanker
563108600,Tanker
563108800,Cargo
563109100,Bulk Carrier
563109200,Cargo A
563109300,Cargo
563109600,Bulk Carrier
563109700,Cargo
563109900,Tanker
563110200,Cargo
563111200,Cargo
563111300,Cargo A
563111400,Cargo
563111600,Tanker
563112900,Tanker
563113200,Cargo A
563113500,Tanker
563113600,Tanker
563113800,Tanker D
563114700,Cargo
563115000,Oil Products Tanker
563115100,Cargo D
563115400,Container Ship
563116700,Cargo
563117200,General Cargo
563117900,Tanker
563118300,Cargo A
563118400,Cargo
563118700,Cargo
563118800,Bulk Carrier
563119300,Tanker
563119400,Cargo A
563119700,Tanker B
563120600,Tanker
563120700,Tanker A
563120800,Cargo
563121200,Cargo
563121600,Tanker
563122100,Container Ship
563122200,Bulk Carrier
563123400,Tanker
563123500,Container Ship
563123600,Cargo
563124200,Cargo
563124300,Cargo C
563124400,Cargo A
563124500,Cargo
563124800,Other Type
563125500,Container Ship
563125800,Tanker
563126100,Cargo
563126500,Container Ship
563126700,Container Ship
563126800,Tanker
563127500,Cargo A
563127800,Oil Products Tanker
563128100,ERROR
563128200,Cargo A
563128500,Bulk Carrier
563128700,Tanker
563128800,Tanker
563128900,Cargo D
563129100,Tanker D
563129700,Cargo
563130300,Tanker
563130400,Container Ship
563131000,Bulk Carrier
563131300,Tanker
563131500,Cargo A
563131800,Container Ship
563132700,Tanker
563132900,Tanker
563133500,Container Ship
563133600,Tanker
563133800,Cargo A
563134600,Tanker
563134700,Bulk Carrier
563135300,Container Ship
563135800,Container Ship
563135900,Bulk Carrier
563136700,Bulk Carrier
563136800,Container Ship
563137200,General Cargo
563137600,Container Ship
563137800,Cargo
563137900,Container Ship
563138200,Offshore Supply Ship
563138300,Cargo
563138800,Tanker
563138900,Tanker
563139200,Wood Chips Carrier
563139600,Cargo D
563140000,Oil/Chemical Tanker
563140200,Tanker
563140300,Lpg Tanker
563140500,Bulk Carrier
563140900,Cargo
563141000,Bunkering Tanker
563141400,Bulk Carrier
563141500,Tug
563141900,Cargo
563142000,Passenger
563142500,Container Ship
563142600,Bulk Carrier
563142900,Bulk Carrier
563143000,Container Ship
563143100,Cargo D
563143800,Cargo
563144300,Tanker
563144900,Cargo
563145600,Bulk Carrier
563146400,Cargo
563146600,Container Ship
563146800,Bulk Carrier
563147100,Oil/Chemical Tanker
563147600,Tug
563147700,Tug
563148100,Container Ship
563148900,Cargo
563149100,Vehicles Carrier
563149500,Container Ship
563149700,Cargo
563149900,Container Ship
563150100,Container Ship
563150400,Cargo
563150800,Cargo
563151400,Cargo
563151900,Tanker
563152000,Cargo
563152300,Container Ship
563152400,Container Ship
563152500,Container Ship
563152600,Container Ship
563152800,Container Ship
563152900,Tanker
563153200,Cargo A
563153700,Tanker
563153900,Tanker
563154300,Tanker
563154700,Cargo
563154900,Oil/Chemical Tanker
563155200,Cargo A
563155500,Cargo D
563155900,Lpg Tanker
563156300,Bulk Carrier
563156600,Cargo D
563156700,Cargo A
563157500,Cargo
563157900,Cargo
563158000,Tanker
563158800,Container Ship
563158900,Container Ship
563159600,Bulk Carrier
563160200,Cargo D
563160800,Container Ship
563161100,Cargo
563161400,Container Ship
563161800,Container Ship
563161900,Cargo A
563162000,Bulk Carrier
563162200,Tanker
563162300,Cargo
563162400,Tanker
563162600,Cargo
563162700,Tanker
563162800,Tanker
563163100,Tanker
563163200,Cargo
563163300,Container Ship
563163700,Tanker
563164600,Oil Products Tanker
563165200,Container Ship
563165300,Tanker D
563165500,Cargo
563165800,Bulk Carrier
563166100,Cargo D
563166600,Container Ship
563167100,Oil/Chemical Tanker
563167200,Oil/Chemical Tanker
563167400,Tanker
563167600,Cargo
563167800,Cargo
563168100,Cargo
563168400,Cargo
563169200,Cargo
563169300,Tanker
563169500,Cargo
563169700,Cargo
563169900,Cargo C
563170100,Cargo
563170300,Cargo C
563170400,Cargo
563171200,Tanker
563171800,Cargo A
563172200,Cargo A
563172300,Cargo
563172700,Cargo C
563173100,Cargo
563173200,Cargo
563173300,Cargo
563173600,Cargo
563173900,Tanker
563174100,Cargo
563174400,Bulk Carrier
563174500,Bulk Carrier
563174600,Tanker
563174700,Cargo
563175300,Tanker
563175400,Tanker
563175700,Cargo
563176300,Cargo
563176400,General Cargo
563176500,Tanker
563176600,Cargo D
563176800,Cargo C
563177200,Cargo
563177300,General Cargo
563177500,Cargo
563177700,Cargo
563177900,Other Type
563178100,Towing
563178500,Container Ship
563178700,Cargo
563179200,Tanker
563179400,Tanker
563179500,Cargo
563180100,Oil Products Tanker
563180600,Tanker
563180700,Tanker
563180800,Cargo D
563180900,Passenger
563181000,Container Ship
563181600,Cargo D
563182100,Tanker
563182900,Tanker
563184200,Tug
563184400,Cargo
563185100,Tug
563185200,Tanker
563185500,Cargo
563185600,Cargo
563185700,Cargo B
563185900,Tanker
563186200,Tanker
563186500,Cargo
563186900,Oil/Chemical Tanker
563187100,Bulk Carrier
563187200,Oil/Chemical Tanker
563187400,Cargo A
563187500,Cargo C
563187600,Tanker
563187800,Tug
563188200,Bulk Carrier
563188800,Cargo
563188900,Cargo
563189300,Cargo
563189500,Tanker
563189800,Tanker
563190100,Cargo D
563190300,Cargo B
563190500,Cargo D
563190800,Chemical Tanker
563190900,Tanker
563191200,Cargo D
563191300,Container Ship
563191700,Oil/Chemical Tanker
563191800,Oil/Chemical Tanker
563191900,Tanker
563192200,Cargo
563192300,Cargo D
563192600,Cargo A
563192700,Cargo A
563193600,Cargo
563193700,Tanker
563193900,Container Ship
563194300,Cargo
563194700,Tanker
563194800,Tanker
563194900,Cargo
563195300,Cargo D
563195500,Tanker
563195600,Cargo D
563195900,Cargo
563196200,Cargo C
563196400,Cargo
563196500,Lng Tanker
563196600,Tanker
563196700,Cargo
563196800,Cargo
563197000,Oil Products Tanker
563197200,Bulk Carrier
563197700,Cargo
563197800,Cargo D
563197900,Cargo D
563198500,Cargo A
563198800,Tanker
563199500,Cargo A
563199600,Cargo D
563199900,Cargo
563200800,Cargo
563200900,Tanker
563201200,Cargo
563201300,Oil/Chemical Tanker
563201400,Cargo A
563201500,Cargo
563201700,Bulk Carrier
563202300,Cargo
563202400,Cargo C
563202500,Cargo
563202800,Cargo
563203200,Bulk Carrier
563203500,Cargo
563203800,Cargo
563204300,Tanker
563204400,Tanker
563204500,Cargo
563205200,Cargo
563205600,Oil Products Tanker
563205700,Cargo D
563205800,Tanker
563205900,Oil/Chemical Tanker
563206100,Oil/Chemical Tanker
563206200,Tanker
563206300,Oil/Chemical Tanker
563206400,Tanker B
563206500,Oil/Chemical Tanker
563206600,Oil/Chemical Tanker
563206700,Oil/Chemical Tanker
563206800,Tanker
563206900,Oil/Chemical Tanker
563207100,Bulk Carrier
563207300,Cargo
563207400,Oil/Chemical Tanker
563207500,Tanker
563207700,Cargo
563207800,Tanker
563208100,Tanker
563208200,Tanker
563208300,General Cargo
563208400,General Cargo
563208500,General Cargo
563209200,Ore Carrier
563209300,Cargo A
563209400,Cargo
563209500,Cargo B
563210100,General Cargo
563210300,Cargo C
563210700,Cargo
563210900,Anti-pollution equipment
563211300,Cargo A
563211800,Cargo
563212300,Cargo
563212400,Cargo
563212700,Cargo
563212900,Wood Chips Carrier
563213100,Wood Chips Carrier
563213400,Cargo
563213600,Wood Chips Carrier
563213900,Bulk Carrier
563214100,Tanker
563214400,Tanker
563214500,General Cargo
563215100,Ro-Ro Cargo
563215300,Tanker
563215500,Tanker
563215600,Tanker
563215800,General Cargo
563215900,Oil Products Tanker
563216100,Oil Products Tanker
563216400,Oil Products Tanker
563216500,Oil Products Tanker
563217200,Tanker
563217300,Tanker
563217500,Tanker
563217600,Cargo
563217700,Cargo
563217800,General Cargo
563217900,Tanker
563218000,Tug
563218500,Cargo
563219000,Oil/Chemical Tanker
563219100,Cargo D
563219200,Cargo D
563219300,Cargo D
563219500,General Cargo
563219600,Cargo
563220100,Bulk Carrier
563220800,Cargo
563220900,Cargo
563221000,Bunkering Tanker
563221200,Tanker B
563221300,Tanker
563221600,Cargo
563221700,Oil Products Tanker
563222100,Cargo D
563222500,Bulk Carrier
563222600,Cargo C
563222700,Cargo A
563222800,Cargo
563222900,Lng Tanker
563223100,Lng Tanker
563223200,Cargo
563223300,Cargo A
563223800,Cargo
563224100,Tanker
563224400,Cargo D
563224500,Cargo D
563224600,Bulk Carrier
563225200,Bulk Carrier
563225500,Tanker D
563225800,Cargo A
563225900,Cargo
563226100,Cargo
563226200,Cargo A
563226500,Cargo
563226600,Cargo
563226700,Cargo D
563226900,Tanker
563227100,Tug
563227300,Cargo
563227900,Bulk Carrier
563228100,Bulk Carrier
563228200,Cargo A
563228500,Cargo
563228600,Tanker
563228800,Bulk Carrier
563228900,Bulk Carrier
563229300,Cargo D
563229400,Cargo D
563229600,Tanker
563229700,Cargo D
563230100,High speed craft
563230200,Cargo
563230300,Cargo
563230400,Cargo C
563230600,Cargo D
563230900,Bulk Carrier
563231000,Container Ship
563231200,Bulk Carrier
563231300,General Cargo
563231400,Tanker
563231600,Cargo
563231700,Cargo
563231800,Cargo D
563232100,Container Ship
563232300,Cargo A
563232500,Cargo
563232600,Bulk Carrier
563232800,Cargo A
563233100,Tanker D
563233200,Cargo
563233300,Cargo
563233400,Tanker
563233500,Tanker
563233700,Cargo D
563233800,Cargo A
563234000,Container Ship
563234200,Cargo
563234300,Cargo D
563234600,Tanker
563234800,Cargo
563235100,Cargo
563235200,Cargo D
563235400,Other Type
563235600,Cargo A
563235700,ERROR
563236100,ERROR
563236200,ERROR
563236700,NOT_FOUND
563237100,NOT_FOUND
563237600,NOT_FOUND
563237700,NOT_FOUND
563237800,NOT_FOUND
563238100,NOT_FOUND
563238300,NOT_FOUND
563238400,NOT_FOUND
563238800,NOT_FOUND
563238900,NOT_FOUND
563239300,NOT_FOUND
563239400,NOT_FOUND
563239600,NOT_FOUND
563239700,Tanker
563239800,Cargo D
563239900,Cargo D
563240100,Cargo D
563240200,Cargo D
563240300,Cargo
563240600,Cargo
563240700,Tanker
563240800,Cargo
563240900,Cargo
563241100,Cargo
563241400,Tanker
563241500,Cargo
563241700,Vehicles Carrier
563241800,Cargo A
563242400,Cargo
563242500,Cargo
563242900,Cargo A
563243500,Cargo A
563243600,Bulk Carrier
563243900,Tanker
563244100,Cargo
563244300,Cargo
563244600,Tanker
563244800,Container Ship
563245200,Cargo D
563245300,Cargo D
563245500,Cargo
563245600,Cargo
563245900,Cargo
563246300,Bulk Carrier
563246400,Cargo A
563246800,Cargo D
563246900,Tanker
563247000,Container Ship
563247200,Cargo
563247500,Cargo D
563247600,Cargo D
563247700,Bulk Carrier
563247900,High speed craft
563248200,Tanker
563248400,Tanker
563248600,Cargo C
563248800,Tanker
563248900,Tanker
563249300,Tanker
563249500,General Cargo
563249900,Cargo D
563250100,Tanker
563250300,Tanker
563250400,Cargo D
563250500,Container Ship
563250600,High speed craft
563250700,Cargo
563250800,Container Ship
563250900,Cargo C
563251100,Tanker
563251200,Tanker D
563251400,Cargo
563251500,Cargo
563251600,Cargo D
563251700,Cargo
563251800,Cargo D
563252700,Tanker
563252900,Cargo
563253000,Cargo
563253100,Cargo
563253200,Cargo A
563253400,Cargo D
563253500,Tanker
563253800,Cargo
563253900,Cargo
563254000,Cargo
563254100,Cargo
563254200,Cargo A
563254400,Container Ship
563254500,Container Ship
563254600,Container Ship
563254700,Container Ship
563254900,Container Ship
563255100,Container Ship
563255200,Container Ship
563255500,Bulk Carrier
563255600,Reserved for future use
563255700,Reserved for future use
563255800,Tanker
563255900,Tanker
563256100,Cargo
563256500,Crude Oil Tanker
563256700,Tanker
563256800,Oil Products Tanker
563256900,Oil Products Tanker
563257100,Oil Products Tanker
563257200,Container Ship
563257300,Container Ship
563257600,Tanker
563257700,Cargo C
563257800,Tug
563257900,Tanker B
563258100,Tanker
563258400,High speed craft
563258500,Cargo
563258600,Tanker
563258700,Cargo
563258800,Oil/Chemical Tanker
563258900,Oil/Chemical Tanker
563259100,Other Type
563259300,Cargo D
563259500,Cargo
563259700,Tanker
563259900,Tanker
563260200,Cargo
563260300,Tanker
563260400,Tanker
563260500,Tanker
563261700,Cargo
563262500,Cargo A
563262700,Cargo D
563262800,General Cargo
563263100,Cargo
563263300,Tanker
563263400,Tug
563263500,Towing > 200m OR Breadth > 25m
563263700,Cargo
563263800,Tanker
563264200,Tanker B
563264600,Tanker
563264700,Cargo
563264800,Anchor Handling Vessel
563265400,Tanker
563265500,Tanker
563265600,Cargo D
563265800,Cargo A
563265900,Tanker
563266400,Tanker
563266700,Tanker D
563266800,Cargo
563267000,Container Ship
563267200,Cargo
563267400,Cargo
563267500,Other Type
563267900,Cargo
563268200,Bulk Carrier
563268300,Cargo D
563268400,Tanker
563268700,Cargo D
563268900,Bulk Carrier
563269100,High speed craft
563269500,Tanker
563269700,Cargo
563269800,Cargo
563269900,Cargo D
563270700,Cargo
563270800,Tanker B
563270900,Tanker B
563271200,Tanker B
563271400,Tanker
563271600,Tanker
563271700,Tanker B
563272100,Tanker
563272200,Container Ship
563272300,Cargo D
563272600,Cargo
563272900,Cargo
563273100,Tanker
563273200,Tanker
563273300,Tanker
563273700,Tanker
563273800,Cargo D
563274300,Tanker
563274400,Cargo D
563274500,Container Ship
563274600,Container Ship
563275100,Container Ship
563275200,Container Ship
563275500,Cargo
563275700,Tug
563275800,High speed craft
563276100,Cargo
563276300,Container Ship
563276400,Tanker
563276900,Tanker
563277200,Container Ship
563277300,Container Ship
563277400,Container Ship
563277500,Container Ship
563277700,Container Ship
563277800,Container Ship
563277900,Container Ship
563278100,Container Ship
563278400,Container Ship
563278500,Container Ship
563278800,Cargo A
563279100,Cargo A
563279500,Cargo A
563279600,Cargo A
563279800,Container Ship
563281400,Cargo A
563281500,Cargo D
563281600,Cargo A
563281700,Cargo
563281800,Cargo C
563281900,Cargo D
563282100,Cargo
563282200,Cargo D
563282400,Cargo
563282500,Cargo
563282600,Cargo
563282700,Tanker A
563282900,Bulk Carrier
563283000,Oil Products Tanker
563283200,Other Type
563283300,Cargo
563283800,Cargo
563285100,Tanker
563285400,Cargo
563285500,Container Ship
563285600,Cargo A
563286400,Cargo A
563286800,Cargo
563286900,Cargo D
563287100,Cargo D
563287200,Container Ship
563287600,Cargo A
563287700,Cargo A
563287800,Cargo D
563288200,Container Ship
563288500,Cargo
563288900,Container Ship
563289200,Cargo C
563289300,Container Ship
563289400,Cargo D
563289700,Container Ship
563289800,Container Ship
563289900,Container Ship
563290200,Container Ship
563290300,Cargo
563290400,Cargo C
563290600,Cargo A
563290700,Cargo A
563290800,Cargo D
563290900,Cargo A
563291200,Cargo
563291300,Cargo A
563291400,Cargo
563291500,Cargo A
563291600,Cargo A
563291700,Cargo
563291800,Cargo C
563291900,Cargo A
563292100,Cargo
563292200,Cargo
563293300,Cargo
563293400,Cargo D
563293500,Cargo
563293700,Cargo D
563293800,Cargo
563294400,Tanker
563294600,Cargo
563294700,Tanker
563294800,Cargo
563295300,Bulk Carrier
563295500,Container Ship
563295700,Cargo
563296600,Cargo D
563298100,Container Ship
563298800,Container Ship
563298900,Tanker B
563299000,Cargo
563302000,Oil Products Tanker
563302900,Cargo
563305100,Cargo
563307500,Tanker
563308600,Tanker
563309100,Not available
563309900,Cargo
563310100,Cargo
563310800,Tanker
563312300,Bulk Carrier
563312500,High speed craft
563314800,Tanker
563315800,High speed craft
563336000,Tanker
563338000,Tanker
563358000,Vehicles Carrier
563361000,Container Ship
563362000,Cargo
563367000,Oil/Chemical Tanker
563383000,Tug
563399000,Oil/Chemical Tanker
563403000,Cargo
563406000,Oil/Chemical Tanker
563413000,Oil Products Tanker
563435000,Cable Layer
563442000,Tug
563444000,Tug
563445000,Tanker
563451000,Oil Products Tanker
563472000,Oil Products Tanker
563480000,Tanker
563484000,Tanker
563487000,Cargo
563491000,Container Ship
563498000,Container Ship
563501000,Asphalt/Bitumen Tanker
563504000,Oil Products Tanker
563532000,Passenger
563542000,Oil Products Tanker
563561000,Passengers Ship
563562000,Oil Products Tanker
563570000,Towing
563574000,Lng Tanker
563577156,NOT_FOUND
563580000,Offshore Supply Ship
563589000,Container Ship
563591000,Crude Oil Tanker
563603000,Oil Products Tanker
563612000,Anchor Handling Vessel
563621000,Oil/Chemical Tanker
563622000,Oil/Chemical Tanker
563623000,Oil Products Tanker
563624000,Oil/Chemical Tanker
563625000,Container Ship
563629000,Tug
563632000,Cargo
563637000,Oil Products Tanker
563640000,Cargo
563647000,Bulk Carrier
563648000,Oil/Chemical Tanker
563651000,Tug
563654000,Oil/Chemical Tanker
563660570,Wing in ground A
563665000,Passengers Ship
563666000,Bulk Carrier
563675000,Container Ship
563677000,Container Ship
563701000,Tanker
563708000,Oil Products Tanker
563711000,Oil Products Tanker
563726000,Container Ship
563744000,Oil Products Tanker
563750000,Container Ship
563751000,Passengers Ship
563758000,Container Ship
563766000,Oil Products Tanker
563774000,Oil Products Tanker
563780000,Passengers Ship
563781000,Passengers Ship
563793000,Other Type
563808000,Container Ship
563846000,Bunkering Tanker
563848000,Oil Products Tanker
563853000,Tanker
563856000,Tanker
563860000,Cargo
563866000,Bulk Carrier
563869000,Passengers Ship
563872000,Bulk Carrier
563877000,Oil/Chemical Tanker
563882000,Bunkering Tanker
563885000,Cargo
563886000,Container Ship
563887000,Container Ship
563899000,Tug
563901000,Oil/Chemical Tanker
563916000,Container Ship
563921000,Passengers Ship
563927000,Oil Products Tanker
563933000,Cargo
563950000,Cargo
563961000,Container Ship
563971000,Tug
563982000,Container Ship
563984000,Container Ship
563991000,General Cargo
564005000,Tug
564016000,Tug
564018000,Asphalt/Bitumen Tanker
564027000,Tug
564030000,Container Ship
564034000,Tanker
564046000,Anchor Handling Vessel
564058000,Container Ship
564060000,Oil Products Tanker
564075332,NOT_FOUND
564096000,Cargo
564118000,Bulk Carrier
564119000,Other Type
564146000,Oil/Chemical Tanker
564149000,Oil/Chemical Tanker
564167000,Tanker C
564169000,Container Ship
564189000,Oil Products Tanker
564190000,Cargo
564200000,Other Type
564215000,Tug
564220000,Bulk Carrier
564221000,Tug
564225000,Tanker
564226000,Container Ship
564229000,Tanker
564232000,Bulk Carrier
564241000,Container Ship
564246000,Container Ship
564254000,Vehicles Carrier
564262000,Container Ship
564264000,Cargo
564266000,Cargo
564269000,Pleasure Craft
564271000,Other Type
564275000,Not available
564287000,Tanker B
564297000,Passengers Ship
564298000,Passengers Ship
564300000,Oil/Chemical Tanker
564306000,Container Ship
564318000,Cargo
564319000,Cargo
564330000,Passengers Ship
564331000,Passengers Ship
564333000,Oil Products Tanker
564334000,Oil Products Tanker
564346000,High speed craft
564369000,Tug
564375000,Tanker
564406000,Tanker
564407000,Cargo D
564409000,Tanker
564412000,Oil Products Tanker
564419000,Tug
564420000,Oil Products Tanker
564425000,High speed craft
564426000,Passengers Ship
564427000,Passengers Ship
564430000,Crude Oil Tanker
564440000,Container Ship
564442000,Container Ship
564461000,Tug
564462000,Oil Products Tanker
564469000,Lpg/Chemical Tanker
564474000,Tug
564526000,Tanker
564538000,Cargo
564544000,Tug
564558000,Bulk Carrier
564561000,Vehicles Carrier
564588000,Container Ship
564590000,Bunkering Tanker
564599000,Container Ship
564608000,Tug
564611000,Passengers Ship
564616000,Oil Products Tanker
564619000,Container Ship
564633000,Cargo
564639000,Cargo
564654000,Passenger
564659000,Not available
564661000,Cargo
564681000,Bunkering Tanker
564688000,Tanker
564722000,Lpg Tanker
564735000,Tanker
564743000,Tug
564756000,Bulk Carrier
564757000,Cargo
564759000,Passengers Ship
564776000,Oil/Chemical Tanker
564778000,Oil Products Tanker
564780000,Bunkering Tanker
564794000,Bulk Carrier
564796000,Cargo
564812000,Bulk Carrier
564817000,Oil Products Tanker
564818000,Lpg Tanker
564820000,Container Ship
564821000,Bulk Carrier
564822000,Container Ship
564849000,Bulk Carrier
564852000,Landing Craft
564853000,Bulk Carrier
564855000,Landing Craft
564860000,Tanker
564863000,Tanker
564880000,Container Ship
564884000,Passengers Ship
564885000,Passengers Ship
564886000,Tanker
564890000,Other Type
564892000,Oil Products Tanker
564902000,Vehicles Carrier
564909000,Container Ship
564911000,Cargo
564938000,Container Ship
564956000,Oil Products Tanker
564957000,Oil Products Tanker
564968000,Oil Products Tanker
564970000,Tanker
564972000,Oil Products Tanker
564974000,Tanker
564977000,Oil Products Tanker
564979000,Container Ship
564982000,Tug
565002000,Multi Purpose Offshore Vessel
565004000,Container Ship
565012000,Tug
565021000,Container Ship
565032000,Container Ship
565033000,Oil Products Tanker
565050000,Container Ship
565081000,Oil Products Tanker
565097000,Cargo
565099000,Tanker
565100000,Bulk Carrier
565102000,Tanker
565110000,Cargo
565112000,Oil Products Tanker
565122000,Tanker
565124000,Tanker
565127000,Container Ship
565132000,Container Ship
565133000,Container Ship
565155000,Bulk Carrier
565169000,General Cargo
565173000,Tanker
565175000,Passenger
565203000,Chemical Tanker
565205000,Oil/Chemical Tanker
565207000,Pilot Vessel
565209000,Not available
565210000,Tanker
565218000,Oil Products Tanker
565220000,Container Ship
565224000,Other Type
565233000,Other Type
565235000,Other Type
565237000,Tug
565243000,Cargo
565253000,Container Ship
565257000,Oil Products Tanker
565261000,Oil Products Tanker
565263000,High speed craft
565267000,Search and Rescue vessel
565282000,Oil Products Tanker
565288000,Tanker
565289000,Cargo
565299000,Oil Products Tanker
565307000,Tanker
565313000,Other Type
565332000,Other Type
565333000,Tug
565334000,Cargo
565350000,Tug
565357000,Cargo A
565358000,Oil Products Tanker
565359000,Bulk Carrier
565363000,Tug
565378000,Reserved for future use
565390000,Tanker
565404000,Tanker
565417000,Container Ship
565446000,Oil Products Tanker
565452000,Oil/Chemical Tanker
565453000,Oil/Chemical Tanker
565459000,Oil Products Tanker
565460000,Tanker
565472000,Oil Products Tanker
565483000,Anchor Handling Vessel
565485000,Container Ship
565491000,Bulk Carrier
565497000,Tanker
565503000,Vehicles Carrier
565512000,Tanker A
565513000,Tanker D
565515000,Tanker A
565518000,High speed craft
565523000,Oil Products Tanker
565536000,Container Ship
565552000,Other Type
565554000,Tug
565564000,Container Ship
565565000,Container Ship
565567000,Container Ship
565574000,Oil Products Tanker
565587000,Cargo
565602000,Pilot Vessel
565641000,Other Type
565643000,Tanker
565648000,Bulk Carrier
565653000,Container Ship
565655000,Cargo
565660000,Oil Products Tanker
565662000,Bunkering Tanker
565677000,Oil/Chemical Tanker
565688000,Container Ship
565691000,Anchor Handling Vessel
565696000,Container Ship
565706000,Cargo
565728000,Other Type
565731000,Oil Products Tanker
565733000,Oil Products Tanker
565741000,Container Ship
565743000,Oil/Chemical Tanker
565761000,Tanker
565762000,Container Ship
565771000,Cargo
565772000,Container Ship
565777000,Container Ship
565780000,Container Ship
565795000,Container Ship
565797000,Anchor Handling Vessel
565807000,Container Ship
565823000,Oil Products Tanker
565829000,Lpg Tanker
565833000,Oil/Chemical Tanker
565835000,Vehicles Carrier
565838000,Tanker
565873000,Tanker
565884000,Tanker B
565887000,Container Ship
565894000,Oil Products Tanker
565897000,Oil Products Tanker
565904000,Cargo
565905000,Other Type
565909000,Container Ship
565918000,Pilot Vessel
565919000,Oil Products Tanker
565923000,Oil Products Tanker
565925000,High speed craft
565927000,High speed craft
565928000,High speed craft
565929000,Bulk Carrier
565943000,Tanker
565944000,Container Ship
565951000,Tug
565953000,Container Ship
565957000,Oil Products Tanker
565960000,Tanker
565967000,Cargo A
565968000,Oil Products Tanker
565974000,Asphalt/Bitumen Tanker
565994000,Cargo
565996000,Oil Products Tanker
566000000,Tanker
566000030,Search and Rescue vessel
566000060,Search and Rescue vessel
566000080,Search and Rescue vessel
566002000,Container Ship
566007000,Oil Products Tanker
566009000,Tanker
566010000,Trailing Suction Hopper Dredger
566013000,Tanker
566013200,Not available
566018000,Oil/Chemical Tanker
566019000,Oil Products Tanker
566049000,Reefer
566052000,Work Vessel
566053000,Work Vessel
566055000,Container Ship
566056000,Container Ship
566065000,Tanker
566066000,Bunkering Tanker
566072000,Bunkering Tanker
566073000,Bulk Carrier
566082000,Bulk Carrier
566091000,Oil Products Tanker
566095000,Cargo
566096000,Other Type
566100000,Cargo
566103000,Oil Products Tanker
566108000,Tug
566114000,Other Type
566116000,Bunkering Tanker
566118000,Container Ship
566127000,Container Ship
566133000,Tug
566134000,Bunkering Tanker
566135000,Bunkering Tanker
566155000,High speed craft
566156000,Passengers Ship
566158000,Container Ship
566163000,Tanker
566175000,Oil Products Tanker
566185000,Tug
566192000,Oil Products Tanker
566200000,Bunkering Tanker
566203000,Oil/Chemical Tanker
566204000,General Cargo
566209000,Bunkering Tanker
566210000,Oil Products Tanker
566211000,Bulk Carrier
566212000,Tanker
566218000,Oil Products Tanker
566241000,Oil Products Tanker
566245000,Oil Products Tanker
566259000,Container Ship
566262000,Bulk Carrier
566264000,Cargo
566267000,Cargo
566272000,Tug
566280000,Other Type
566281000,Cargo
566282000,Cargo D
566287000,Tanker
566305000,Oil/Chemical Tanker
566306000,Oil/Chemical Tanker
566311000,Bulk Carrier
566312000,Oil/Chemical Tanker
566331000,Tug
566339000,Oil Products Tanker
566357000,Passengers Ship
566360000,Tug
566365000,Cargo
566373000,Oil/Chemical Tanker
566374000,Anchor Handling Vessel
566385000,Oil Products Tanker
566386000,Oil Products Tanker
566387000,General Cargo
566392000,Oil Products Tanker
566409000,Container Ship
566410000,Container Ship
566417000,Bunkering Tanker
566426000,Oil/Chemical Tanker
566446000,Cargo A
566449000,Bunkering Tanker
566457000,Oil/Chemical Tanker
566473000,Tanker
566474000,Oil Products Tanker
566475000,Oil Products Tanker
566480000,Oil Products Tanker
566482000,Container Ship
566491000,Container Ship
566496000,Bunkering Tanker
566500000,Passengers Ship
566501000,Passengers Ship
566510000,Cargo
566511000,Bunkering Tanker
566512000,Tug
566513000,Tug
566514000,Towing
566515000,Tug
566523000,Bulk Carrier
566530000,Oil Products Tanker
566532000,Oil Products Tanker
566538000,Oil Products Tanker
566540000,Tanker
566545000,Bulk Carrier
566549000,Oil/Chemical Tanker
566556000,Tanker
566558000,Other Type
566561000,Other Type
566569000,Tanker
566587000,Cargo
566592000,Bunkering Tanker
566594000,Bulk Carrier
566601000,Oil Products Tanker
566603000,General Cargo
566608000,Oil Products Tanker
566609000,Bulker
566611000,Tanker
566612000,Oil Products Tanker
566619000,Bulk Carrier
566623000,Other Type
566625000,Bulk Carrier
566630000,Oil Products Tanker
566637000,General Cargo
566639000,Oil Products Tanker
566642000,Cargo A
566657000,Tug
566664000,Offshore Supply Ship
566666000,Oil Products Tanker
566673000,Container Ship
566675000,Cargo
566678000,Cargo
566680000,Tanker
566685000,Oil Products Tanker
566686000,Oil Products Tanker
566687000,Tanker D
566691000,Oil Products Tanker
566695000,Wing in ground
566699000,Bulk Carrier
566701000,Oil Products Tanker
566702000,Bunkering Tanker
566705000,Container Ship
566706000,Cargo
566707000,Bulk Carrier
566708000,Bulk Carrier
566715000,Cargo
566716000,Bulk Carrier
566717000,Tug
566724000,Oil Products Tanker
566726000,Oil/Chemical Tanker
566729000,Tug
566730000,Cargo
566732000,Container Ship
566734000,Tug
566746000,Oil Products Tanker
566751000,Bunkering Tanker
566753000,Bunkering Tanker
566754000,Bunkering Tanker
566763000,Tanker
566773000,Container Ship
566775000,Anchor Handling Vessel
566776000,Tanker
566787000,Bulk Carrier
566789000,Other Type
566796000,Container Ship
566797000,Container Ship
566799000,Tanker
566805000,Cargo
566821000,Tanker
566824000,Oil Products Tanker
566828000,Cargo
566829000,Cargo
566831000,Bulk Carrier
566832000,Bulk Carrier
566834000,Tug
566841000,Oil Products Tanker
566842000,Oil Products Tanker
566846000,Cargo
566848000,Crude Oil Tanker
566849000,Oil Products Tanker
566850000,Bulk Carrier
566856000,Cargo
566858000,Cargo B
566864000,Container Ship
566867000,Oil Products Tanker
566879000,Container Ship
566880000,Container Ship
566881000,Container Ship
566882000,Container Ship
566886000,Cargo
566894000,Container Ship
566903000,Sailing
566919000,Cargo
566925000,Passenger
566930000,Oil Products Tanker
566941000,Cargo
566946000,Oil Products Tanker
566949000,Container Ship
566950000,Container Ship
566952000,Container Ship
566953000,Container Ship
566954000,Container Ship
566955000,Container Ship
566956000,Container Ship
566957000,Container Ship
566959000,Container Ship
566960000,Container Ship
566961000,Container Ship
566963000,Bulk Carrier
566969000,Bulk Carrier
566971000,Cargo
566975000,Oil Products Tanker
566977000,Bulk Carrier
566981000,Container Ship
566982000,Tanker
566994000,High speed craft
567001670,Tanker
567001760,Tanker B
567001860,Tanker
567001970,Tanker
567002750,Oil/Chemical Tanker
567015000,Bulk Carrier
567019000,Bulk Carrier
567041400,Oil Products Tanker
567049000,Bulk Carrier
567059800,Oil Products Tanker
567062200,Tanker
567065800,Tanker
567066900,Lpg Tanker
567067800,Tanker
567067900,Other Type
567068500,Not available
567068900,Tanker
567071900,General Cargo
567072800,Cargo
567073400,General Cargo
567073900,Oil Products Tanker
567074100,Tanker
567075300,Tanker A
567097000,Bulk Carrier
567105000,Cargo
567109000,Cargo
567111000,Cargo
567231000,Reserved for future use
567278000,Cargo
567279000,Bulk Carrier
567304000,Container Ship
567354000,Oil/Chemical Tanker
567359000,Lpg Tanker
567388000,Tanker
567389000,Oil/Chemical Tanker
567391000,Cargo
567419000,Lpg Tanker
567421000,General Cargo
567423000,Asphalt/Bitumen Tanker
567443000,Other Type
567463000,Asphalt/Bitumen Tanker
567487000,Cargo
567521000,General Cargo
567532000,Crude Oil Tanker
567533000,Oil/Chemical Tanker
567535000,Lpg Tanker
567543000,Oil/Chemical Tanker
567552000,Oil/Chemical Tanker
567556000,Bulk Carrier
567557000,Tanker
567559000,Tanker
567561000,General Cargo
567564000,Lpg Tanker
567567000,Oil/Chemical Tanker
567571000,Cargo
567572000,Oil/Chemical Tanker
567575000,Lpg Tanker
567581000,Crude Oil Tanker
567582000,General Cargo
567586000,Tanker
567587000,Lpg Tanker
567594000,Asphalt/Bitumen Tanker
567599000,Crude Oil Tanker
567601000,Crude Oil Tanker
567603000,Tanker B
567604000,Oil/Chemical Tanker
567607000,Cargo
567609000,Cargo A
567611000,Lpg Tanker
567612000,Oil/Chemical Tanker
567613000,Chemical Tanker
567615000,Tanker
567621000,Tanker A
567625000,Oil/Chemical Tanker
567632000,Tanker
567635000,General Cargo
567639000,Lpg Tanker
567641000,Crude Oil Tanker
567642000,General Cargo
567646000,Lpg Tanker
567653000,Cargo
569298400,Cargo
572116220,Tanker
572142220,Oil/Chemical Tanker
572145220,Tanker
572154220,Bulk Carrier
572210220,Oil/Chemical Tanker
572226220,Oil/Chemical Tanker
572278220,Oil/Chemical Tanker
572295220,Oil/Chemical Tanker
572297220,Bulk Carrier
572378220,Sailing
572572220,Oil/Chemical Tanker
572616220,Other Type
572641220,Wing in ground
572680220,Other Type
572697220,Cargo
572698220,Cargo
572700220,Cargo
572714220,Tug
572715220,Tug
572716220,Tug
572722220,Bulk Carrier
572725220,Bulk Carrier
572740210,Oil/Chemical Tanker
572749220,Tug
572767220,Cargo
572794220,Oil/Chemical Tanker
572801220,Other Type
572816220,Crude Oil Tanker
572843220,Other Type
572910210,Oil/Chemical Tanker
572912210,Bulk Carrier
572923210,Oil/Chemical Tanker
572939210,Bulk Carrier
574000120,Tanker
574000160,Bulk Carrier
574000400,Bulk Carrier
574000460,Bulk Carrier
574000580,Bulk Carrier
574000830,Cargo
574000920,Bulk Carrier
574001120,Tanker
574001230,Bulk Carrier
574001320,Cargo
574001330,Cargo
574001370,Tanker
574001700,General Cargo
574001740,Tanker
574001750,Oil/Chemical Tanker
574001760,Asphalt/Bitumen Tanker
574001860,Cargo
574001890,Bulk Carrier
574002000,Oil/Chemical Tanker
574002040,Not available
574002060,Oil/Chemical Tanker
574002130,Tanker
574002170,Cargo
574002350,Oil/Chemical Tanker
574002740,Anchor Handling Vessel
574002760,Bulk Carrier
574002770,Bulk Carrier
574002790,Bulk Carrier
574002830,Oil/Chemical Tanker
574002860,Cargo
574002870,Bulk Carrier
574003130,Bulk Carrier
574003150,Oil/Chemical Tanker
574003200,Oil/Chemical Tanker
574003220,Oil/Chemical Tanker
574003240,Bulk Carrier
574003320,Tanker
574003380,Bulk Carrier
574003530,Oil/Chemical Tanker
574003580,Oil/Chemical Tanker
574003690,Cargo
574003820,General Cargo
574003900,Bulk Carrier
574004060,Lpg Tanker
574004120,Tug
574004130,Bulk Carrier
574004140,Lpg Tanker
574004310,Tanker
574004320,Cargo
574004420,Crude Oil Tanker
574004450,Oil/Chemical Tanker
574004460,Lpg Tanker
574004470,Bulk Carrier
574004540,Bulk Carrier
574004570,Tanker
574004580,Bulk Carrier
574004630,Bulk Carrier
574004730,Bulk Carrier
574004750,General Cargo
574004760,Bulk Carrier
574004770,Bulk Carrier
574004780,Container Ship
574004960,Oil Products Tanker
574005000,Bulk Carrier
574005100,Container Ship
574005160,Container Ship
574005170,Oil/Chemical Tanker
574005430,Oil/Chemical Tanker
574005510,Crude Oil Tanker
574005560,Tanker
574005610,Container Ship
574005640,Container Ship
574005680,Oil/Chemical Tanker
574005740,Bulk Carrier
574005750,Oil/Chemical Tanker
574005830,Oil/Chemical Tanker
574005850,Oil/Chemical Tanker
574005860,Oil/Chemical Tanker
574005910,Cargo
574006050,Wing in ground
574006080,Other Type
574006120,Cargo
574006310,Other Type
574012854,Cargo
574013029,Bulk Carrier
574013121,Bulk Carrier
574013228,Bulk Carrier
574013717,Tanker
574014152,Oil/Chemical Tanker
574128000,Bulk Carrier
574133000,Oil/Chemical Tanker
574182172,General Cargo
574252000,Oil/Chemical Tanker
574253000,General Cargo
574277000,General Cargo
574284000,Oil Products Tanker
574326000,General Cargo
574340000,General Cargo
574375000,General Cargo
574379000,Oil Products Tanker
574380000,General Cargo
574383000,Oil/Chemical Tanker
574386000,Bulk Carrier
574395000,Tanker
574401000,Oil/Chemical Tanker
574407000,General Cargo
574413000,General Cargo
574418000,Bulk Carrier
574432000,Bulk Carrier
574433000,General Cargo
574445000,General Cargo
574447000,Oil/Chemical Tanker
574460000,Bulk Carrier
574473000,Bulk Carrier
574474000,Bulk Carrier
574475000,Oil Products Tanker
574483000,Bulk Carrier
574487000,General Cargo
574490000,Oil Products Tanker
574497000,General Cargo
574573000,General Cargo
574624000,Cargo
574634000,General Cargo
574682000,Bulk Carrier
574693000,Bulk Carrier
574862000,Bulk Carrier
574904000,Bulk Carrier
574908000,General Cargo
574927000,Oil/Chemical Tanker
574930000,Bulk Carrier
574961000,General Cargo
574972000,Cargo
577004000,Crude Oil Tanker
577037000,Fishing
577038000,Fishing
577143000,Crude Oil Tanker
577180000,Fishing
577185000,Fishing
577202000,Fishing
577204000,Fishing
577269000,Fishing
577272000,Fishing
577301000,Fishing
577314000,Fishing
577317000,Fishing
577399000,Crude Oil Tanker
577614000,Other Type
577615000,Reefer
577628000,Reefer
577654000,Fishing
577655000,Fishing
577656000,Not available
577658000,Fishing
577660000,Fishing
577661000,Fishing
577662000,Fishing
577663000,Fishing
577685000,Oil/Chemical Tanker
601002650,Bulk Carrier
601027720,Bulk Carrier
601045610,Tanker B
603898000,Oil/Chemical Tanker
610000027,Crude Oil Tanker
610000029,Crude Oil Tanker
610000032,Crude Oil Tanker
610000033,Crude Oil Tanker
610000037,Crude Oil Tanker
610107031,Crude Oil Tanker
610107156,Crude Oil Tanker
611000138,Crude Oil Tanker
611000215,Tanker
611000238,Lpg Tanker
613001301,Crude Oil Tanker
613003609,Shuttle Tanker
613003709,Crude Oil Tanker
613003728,Crude Oil Tanker
613271605,Crude Oil Tanker
613321501,Crude Oil Tanker
613467106,Lpg Tanker
613490000,Lpg Tanker
613561602,Oil Products Tanker
613612000,Crude Oil Tanker
613617404,Crude Oil Tanker
613702110,Crude Oil Tanker
613714300,Lpg Tanker
613742000,Crude Oil Tanker
613769400,Tanker
613902604,Crude Oil Tanker
613914400,Crude Oil Tanker
620241000,Crude Oil Tanker
620398002,Tanker
620800008,Crude Oil Tanker
620800028,Crude Oil Tanker
620800029,Crude Oil Tanker
620800030,Crude Oil Tanker
620800032,Lpg Tanker
620800039,Crude Oil Tanker
620800080,Crude Oil Tanker
620800094,Oil Products Tanker
620800099,Tanker
620800106,Lpg Tanker
620800168,Tanker
620800188,Oil Products Tanker
620800215,Bulk Carrier
620999032,Crude Oil Tanker
620999137,Crude Oil Tanker
620999315,Tanker
620999316,Crude Oil Tanker
620999317,Tanker
620999373,Lpg Tanker
620999538,Oil/Chemical Tanker
620999556,Crude Oil Tanker
620999682,Other Type
620999684,Cargo
620999768,Cargo
620999788,Tanker
620999798,Lpg Tanker
620999829,Crude Oil Tanker
620999869,Crude Oil Tanker
620999873,Crude Oil Tanker
620999876,Oil/Chemical Tanker
620999879,Crude Oil Tanker
620999902,Crude Oil Tanker
620999909,Crude Oil Tanker
620999925,Crude Oil Tanker
620999935,Crude Oil Tanker
620999947,Lpg Tanker
620999948,Lpg Tanker
620999952,Container Ship
620999953,Container Ship
620999958,Oil Products Tanker
620999966,Cargo
620999984,Tanker
620999988,Lpg Tanker
620999999,Crude Oil Tanker
621819052,Lpg Tanker
621819054,Bulk Carrier
621819062,Crude Oil Tanker
621819063,Crude Oil Tanker
621819069,Tanker
621819076,Crude Oil Tanker
621819077,Crude Oil Tanker
622121410,Bulk Carrier
622121413,Bulk Carrier
622121422,Bulk Carrier
622121427,Container Ship
622121428,Cargo
622121429,Cargo
622121432,Cargo
624015000,General Cargo
624016000,Cargo
624019000,Cargo
624020000,General Cargo
624021000,Cargo
624023000,General Cargo
626304000,Crude Oil Tanker
626457000,Lpg Tanker
626480000,Lpg Tanker
626535000,Lpg Tanker
626565000,Sailing
629009048,Crude Oil Tanker
629009290,Tanker
629009320,Crude Oil Tanker
629009360,Tanker
629009392,Crude Oil Tanker
629009408,Lpg Tanker
629009410,Crude Oil Tanker
629009414,Crude Oil Tanker
629009426,Tanker
629009436,Crude Oil Tanker
629009438,Crude Oil Tanker
629009450,Crude Oil Tanker
629009500,Crude Oil Tanker
629009508,Crude Oil Tanker
629009544,Crude Oil Tanker
629009546,Crude Oil Tanker
629009566,Crude Oil Tanker
629009578,Crude Oil Tanker
629009586,Tanker
629009588,Crude Oil Tanker
629009594,Crude Oil Tanker
629009600,Crude Oil Tanker
629009628,Crude Oil Tanker
629009658,Crude Oil Tanker
629009682,Crude Oil Tanker
629009692,Crude Oil Tanker
630001140,Cargo
630001194,Cargo
632001092,Lpg Tanker
632001096,Crude Oil Tanker
632001100,Crude Oil Tanker
632001107,Crude Oil Tanker
632001115,Oil/Chemical Tanker
632001120,Crude Oil Tanker
632001122,Tanker
632001128,Crude Oil Tanker
632001132,Crude Oil Tanker
632001140,Crude Oil Tanker
632001144,Crude Oil Tanker
635961345,Container Ship
635961362,Cargo
636009882,Tug
636010034,Lng Tanker
636010183,Lng Tanker
636010373,Lng Tanker
636010380,Oil/Chemical Tanker
636010457,Lng Tanker
636010544,Lng Tanker
636011023,Vehicles Carrier
636011072,General Cargo
636011186,Crude Oil Tanker
636011212,Lpg Tanker
636011265,Crude Oil Tanker
636011610,Bulk Carrier
636011617,Lpg Tanker
636011638,Crude Oil Tanker
636011789,Bulk Carrier
636011902,Bulk Carrier
636012196,Oil Products Tanker
636012293,Bulk Carrier
636012629,Crude Oil Tanker
636012640,Bulk Carrier
636012726,Bulk Carrier
636012797,Container Ship
636012808,Container Ship
636013011,Bulk Carrier
636013026,Oil/Chemical Tanker
636013095,Bulk Carrier
636013113,Oil/Chemical Tanker
636013118,Container Ship
636013119,Container Ship
636013143,Container Ship
636013163,Bulk Carrier
636013177,Bulk Carrier
636013183,Bulk Carrier
636013184,Bulk Carrier
636013348,Oil Products Tanker
636013349,Bulk Carrier
636013353,Crude Oil Tanker
636013354,Crude Oil Tanker
636013372,Crude Oil Tanker
636013373,Crude Oil Tanker
636013374,Crude Oil Tanker
636013375,Crude Oil Tanker
636013376,Crude Oil Tanker
636013377,Bulk Carrier
636013380,Crude Oil Tanker
636013382,Bulk Carrier
636013383,Crude Oil Tanker
636013411,Crude Oil Tanker
636013437,Container Ship
636013530,Container Ship
636013564,Bulk Carrier
636013579,Crude Oil Tanker
636013611,Crude Oil Tanker
636013612,Bulk Carrier
636013655,Bulk Carrier
636013708,Crude Oil Tanker
636013757,Ore Carrier
636013778,Bulk Carrier
636013816,Lpg Tanker
636013854,Bulk Carrier
636013892,Bulk Carrier
636013897,Oil/Chemical Tanker
636014044,Oil Products Tanker
636014107,Oil Products Tanker
636014203,Crude Oil Tanker
636014212,Diving Support Vessel
636014219,Container Ship
636014221,Container Ship
636014224,Cargo
636014243,Bulk Carrier
636014252,Crude Oil Tanker
636014253,Crude Oil Tanker
636014302,Bulk Carrier
636014303,Bulk Carrier
636014327,Ore Carrier
636014328,Ore Carrier
636014329,Ore Carrier
636014330,Ore Carrier
636014331,Ore Carrier
636014332,Ore Carrier
636014338,Ore Carrier
636014359,Bulk Carrier
636014366,Bulk Carrier
636014368,Oil Products Tanker
636014441,Bulk Carrier
636014455,Bulk Carrier
636014459,Bulk Carrier
636014465,Crude Oil Tanker
636014478,Crude Oil Tanker
636014481,Bulk Carrier
636014485,Crude Oil Tanker
636014499,Crude Oil Tanker
636014503,Crude Oil Tanker
636014506,Crude Oil Tanker
636014525,Bulk Carrier
636014557,Container Ship
636014558,Container Ship
636014568,Bulk Carrier
636014570,Bulk Carrier
636014577,Bulk Carrier
636014580,Bulk Carrier
636014591,Crude Oil Tanker
636014592,Crude Oil Tanker
636014595,Bulk Carrier
636014626,Bulk Carrier
636014630,Bulk Carrier
636014637,Crude Oil Tanker
636014688,Crude Oil Tanker
636014701,Crude Oil Tanker
636014704,Bulk Carrier
636014705,Bulk Carrier
636014709,Bulk Carrier
636014712,Oil/Chemical Tanker
636014739,Crude Oil Tanker
636014799,Bulk Carrier
636014802,Bulk Carrier
636014806,Bulk Carrier
636014865,Bulk Carrier
636014899,Bulk Carrier
636014907,Crude Oil Tanker
636014909,Crude Oil Tanker
636014910,Tanker
636014915,Bulk Carrier
636014929,Oil Products Tanker
636014942,Crude Oil Tanker
636014943,Crude Oil Tanker
636014955,Container Ship
636014989,Crude Oil Tanker
636014990,Crude Oil Tanker
636014992,Bulk Carrier
636014997,Container Ship
636014999,Oil/Chemical Tanker
636015005,Oil/Chemical Tanker
636015007,Oil Products Tanker
636015014,Crude Oil Tanker
636015015,Crude Oil Tanker
636015019,Container Ship
636015020,Container Ship
636015048,Bulk Carrier
636015085,Cargo
636015123,Bulk Carrier
636015141,Oil Products Tanker
636015142,Oil Products Tanker
636015149,Bulk Carrier
636015154,Crude Oil Tanker
636015166,Crude Oil Tanker
636015181,Container Ship
636015182,Container Ship
636015249,Oil/Chemical Tanker
636015251,Oil/Chemical Tanker
636015252,Crude Oil Tanker
636015287,Bulk Carrier
636015288,Bulk Carrier
636015300,Oil/Chemical Tanker
636015310,Bulk Carrier
636015314,Cargo
636015321,Container Ship
636015349,Crude Oil Tanker
636015350,Bulk Carrier
636015353,Bulk Carrier
636015357,Bulk Carrier
636015366,Oil/Chemical Tanker
636015367,Bulk Carrier
636015370,Vehicles Carrier
636015386,Cargo
636015404,Container Ship
636015407,Crude Oil Tanker
636015410,Crude Oil Tanker
636015411,Crude Oil Tanker
636015429,Bulk Carrier
636015445,Bulk Carrier
636015447,Bulk Carrier
636015457,Crude Oil Tanker
636015463,Bulk Carrier
636015471,Tanker
636015472,Crude Oil Tanker
636015474,Bulk Carrier
636015475,Cargo
636015476,Cargo
636015481,Container Ship
636015484,Tanker
636015498,Bulk Carrier
636015500,Cargo
636015506,Container Ship
636015509,Bulk Carrier
636015510,Bulk Carrier
636015511,Bulk Carrier
636015513,Bulk Carrier
636015516,Container Ship
636015517,Oil/Chemical Tanker
636015522,Crude Oil Tanker
636015544,Bulk Carrier
636015549,Bulk Carrier
636015556,Oil/Chemical Tanker
636015557,Vehicles Carrier
636015560,Crude Oil Tanker
636015567,Cargo
636015575,Ore Carrier
636015585,Cargo
636015588,Cargo
636015590,Cargo
636015604,Container Ship
636015613,Bulk Carrier
636015619,Oil/Chemical Tanker
636015624,Crude Oil Tanker
636015632,Cargo
636015657,Vehicles Carrier
636015665,Container Ship
636015666,Container Ship
636015667,Cargo
636015685,Container Ship
636015686,Container Ship
636015698,Bulk Carrier
636015708,Bulk Carrier
636015722,Tanker B
636015738,Oil/Chemical Tanker
636015743,Container Ship
636015757,Bulk Carrier
636015759,Cargo
636015761,Crude Oil Tanker
636015762,Tanker
636015771,Vehicles Carrier
636015776,Crude Oil Tanker
636015780,Cargo
636015818,Bulk Carrier
636015848,Bulk Carrier
636015857,Cargo
636015872,Container Ship
636015873,Container Ship
636015876,Container Ship
636015897,Container Ship
636015908,Bulk Carrier
636015942,Lpg Tanker
636015943,Lpg Tanker
636015944,Lpg Tanker
636015950,Cargo A
636015954,Bulk Carrier
636015961,Bulk Carrier
636015971,Oil/Chemical Tanker
636015972,Oil/Chemical Tanker
636015980,Container Ship
636015986,Bulk Carrier
636015991,Vehicles Carrier
636015994,Vehicles Carrier
636015999,Crude Oil Tanker
636016038,Container Ship
636016044,Bulk Carrier
636016066,Container Ship
636016068,Bulk Carrier
636016069,Bulk Carrier
636016070,Bulk Carrier
636016096,Vehicles Carrier
636016114,Cargo
636016118,Container Ship
636016137,Tanker
636016152,Cargo
636016168,Bulk Carrier
636016177,Container Ship
636016179,Cargo
636016211,Cargo
636016212,Bulk Carrier
636016227,Bulk Carrier
636016243,Bulk Carrier
636016247,Cargo
636016288,Cargo
636016306,Container Ship
636016318,Cargo C
636016321,Container Ship
636016337,Cargo
636016351,Cargo
636016353,Cargo
636016362,Tanker
636016413,Oil Products Tanker
636016414,Oil Products Tanker
636016424,Container Ship
636016429,Container Ship
636016483,Container Ship
636016487,Bulk Carrier
636016500,Bulk Carrier
636016534,Cargo
636016557,Bulk Carrier
636016574,Container Ship
636016576,Cargo
636016580,Cargo
636016581,Cargo
636016582,Cargo
636016607,Cargo
636016619,Not available
636016653,Tanker
636016671,Bulk Carrier
636016673,Container Ship
636016677,Cargo
636016678,Cargo
636016697,Cargo
636016698,Crude Oil Tanker
636016705,Cargo D
636016709,Cargo
636016721,Cargo
636016728,Oil/Chemical Tanker
636016730,Bulk Carrier
636016739,Tanker
636016775,Container Ship
636016791,Cargo
636016792,Cargo
636016795,Bulk Carrier
636016804,Cargo
636016811,Other Type
636016823,Bulk Carrier
636016834,Cargo
636016835,Cargo
636016836,Cargo
636016847,Cargo
636016848,Cargo
636016852,Container Ship
636016853,Container Ship
636016858,Container Ship
636016933,Tanker
636016946,Tanker
636016958,Cargo
636016971,Cargo
636016978,Container Ship
636016979,Container Ship
636016983,Cargo A
636016985,Cargo A
636016991,Cargo
636017003,Bulk Carrier
636017006,Container Ship
636017012,Cargo
636017016,Container Ship
636017022,Container Ship
636017026,Tanker
636017030,Bulk Carrier
636017052,Bulk Carrier
636017062,Vehicles Carrier
636017065,Cargo
636017082,Tanker
636017084,Tanker
636017088,Tanker
636017090,Bulk Carrier
636017103,Cargo
636017104,Cargo A
636017109,Bulk Carrier
636017114,Cargo
636017148,Cargo
636017152,Bulk Carrier
636017158,Bulk Carrier
636017171,Cargo
636017173,Container Ship
636017235,Bulk Carrier
636017245,Container Ship
636017268,Bulk Carrier
636017305,Cargo A
636017310,Bulk Carrier
636017316,Bulk Carrier
636017346,Container Ship
636017356,Cargo
636017366,Cargo
636017370,Cargo
636017372,Cargo
636017388,Cargo
636017392,Cargo
636017399,Cargo
636017404,Container Ship
636017408,Cargo
636017413,Cargo
636017414,Cargo
636017422,Cargo
636017423,Cargo
636017424,Tanker
636017433,Cargo A
636017434,Cargo A
636017435,Cargo A
636017440,Container Ship
636017448,Bulk Carrier
636017469,Cargo
636017470,Cargo
636017478,Cargo
636017488,Cargo
636017493,Cargo
636017496,Cargo
636017500,Tanker
636017505,Container Ship
636017506,Cargo A
636017515,Container Ship
636017516,Cargo A
636017519,Not available
636017522,Cargo
636017523,Bulk Carrier
636017531,Bulk Carrier
636017537,Cargo
636017563,Cargo
636017569,Cargo A
636017571,Cargo
636017577,Cargo A
636017579,Cargo
636017583,Cargo
636017588,Bulk Carrier
636017643,Container Ship
636017684,Cargo A
636017685,Cargo A
636017706,Bulk Carrier
636017719,Bulk Carrier
636017725,Bulk Carrier
636017726,Cargo B
636017727,Cargo A
636017738,Bulk Carrier
636017742,Tanker
636017767,Cargo
636017770,Bulk Carrier
636017772,Bulk Carrier
636017780,Bulk Carrier
636017781,Cargo
636017786,Bulk Carrier
636017792,Tanker
636017802,Container Ship
636017803,Container Ship
636017805,Cargo
636017817,Crude Oil Tanker
636017827,Oil/Chemical Tanker
636017834,Oil/Chemical Tanker
636017835,Oil/Chemical Tanker
636017850,Bulk Carrier
636017853,Cargo
636017867,Cargo A
636017868,Cargo
636017880,Tanker
636017882,Not available
636017897,Cargo
636017900,Cargo
636017903,Cargo
636017916,Container Ship
636017917,Crude Oil Tanker
636017921,Container Ship
636017929,Container Ship
636017934,Cargo
636017941,Cargo
636017971,Container Ship
636017981,Bulk Carrier
636017983,Bulk Carrier
636017985,Bulk Carrier
636017992,Bulk Carrier
636018010,Tanker
636018011,Tanker
636018016,Bulk Carrier
636018018,Container Ship
636018023,Cargo
636018024,Cargo
636018029,Bulk Carrier
636018051,Cargo
636018052,Cargo
636018068,Cargo A
636018075,Container Ship
636018077,Cargo
636018105,Container Ship
636018106,Cargo D
636018128,Cargo
636018135,General Cargo
636018138,General Cargo
636018141,General Cargo
636018162,Bulk Carrier
636018178,Bulk Carrier
636018205,Tanker
636018206,Tanker
636018215,Cargo
636018220,Cargo
636018221,Cargo
636018222,Cargo
636018223,Container Ship
636018224,Container Ship
636018237,Container Ship
636018251,Bulk Carrier
636018260,Bulk Carrier
636018276,Cargo A
636018288,Bulk Carrier
636018289,Bulk Carrier
636018299,Bulk Carrier
636018301,Cargo
636018305,Cargo
636018309,Bulk Carrier
636018311,Container Ship
636018313,Cargo
636018314,Cargo
636018335,Bulk Carrier
636018354,Bulk Carrier
636018380,Cargo A
636018385,Container Ship
636018391,Bulk Carrier
636018401,Crude Oil Tanker
636018455,Cargo
636018460,Lpg Tanker
636018475,Bulk Carrier
636018486,Cargo
636018487,Cargo
636018494,Cargo
636018495,Bulk Carrier
636018497,Bulk Carrier
636018505,Cargo
636018514,Tanker
636018517,Cargo
636018518,Cargo
636018529,Container Ship
636018539,Cargo
636018559,Cargo
636018571,Container Ship
636018572,Container Ship
636018574,Cargo
636018575,Cargo
636018585,Cargo
636018588,Cargo
636018594,Container Ship
636018598,Bulk Carrier
636018599,Bulk Carrier
636018628,Bulk Carrier
636018637,Cargo
636018638,Cargo
636018650,Cargo
636018652,Cargo
636018655,Cargo
636018657,Cargo
636018660,Container Ship
636018688,Tanker
636018691,Tanker B
636018693,Container Ship
636018711,Tanker
636018714,General Cargo
636018722,Oil Products Tanker
636018725,Tanker
636018727,Tanker C
636018730,Bulk Carrier
636018731,Cargo
636018733,Crude Oil Tanker
636018736,Tanker
636018739,Container Ship
636018769,Container Ship
636018787,Cargo
636018818,Tanker
636018820,Cargo
636018821,Cargo
636018824,Tanker
636018827,Tanker
636018831,Cargo
636018843,Cargo
636018846,Container Ship
636018854,Cargo
636018862,Oil Products Tanker
636018865,Tanker B
636018868,Cargo
636018869,Cargo
636018870,Cargo
636018871,Cargo
636018880,Cargo
636018882,Tanker
636018890,Tanker
636018893,Crude Oil Tanker
636018906,Bulk Carrier
636018908,Cargo
636018911,Bulk Carrier
636018913,Cargo
636018914,Cargo
636018917,Crude Oil Tanker
636018927,Bulk Carrier
636018929,Tanker
636018932,Bulk Carrier
636018934,Tanker
636018935,Cargo
636018938,Bulk Carrier
636018945,Crude Oil Tanker
636018949,Tanker
636018967,Bulk Carrier
636018969,Cargo
636018972,Cargo
636018973,Cargo
636018984,Bulk Carrier
636018989,Cargo
636018991,Cargo
636018993,Cargo
636019010,Cargo
636019011,Cargo
636019017,Tanker D
636019020,Bulk Carrier
636019021,Cargo A
636019034,Cargo
636019036,Bulk Carrier
636019058,Container Ship
636019059,Tanker
636019060,Tanker A
636019065,General Cargo
636019067,Tanker
636019069,Tanker
636019070,Cargo
636019072,Tanker
636019077,Oil/Chemical Tanker
636019089,Bulk Carrier
636019092,Cargo
636019094,Bulk Carrier
636019099,Tanker
636019102,Bulk Carrier
636019103,Bulk Carrier
636019110,Cargo
636019113,Bulk Carrier
636019153,Tanker
636019157,Bulk Carrier
636019165,Bulk Carrier
636019174,Cargo A
636019178,Tanker
636019182,Bulk Carrier
636019199,Tanker
636019201,Tanker B
636019206,Cargo A
636019207,Cargo D
636019213,Cargo A
636019214,Cargo A
636019215,Cargo A
636019229,Tanker
636019233,Tanker
636019234,Cargo C
636019248,Cargo
636019264,Cargo
636019276,Cargo
636019298,Cargo
636019299,Cargo
636019305,Cargo
636019311,Oil/Chemical Tanker
636019320,Cargo
636019321,Cargo
636019322,Cargo
636019326,Cargo
636019329,Bulk Carrier
636019336,Cargo
636019337,Cargo
636019348,Cargo A
636019351,Tanker
636019353,Cargo
636019355,Container Ship
636019359,Cargo
636019362,Crude Oil Tanker
636019379,Cargo
636019380,Cargo
636019386,Crude Oil Tanker
636019389,Ore Carrier
636019392,Crude Oil Tanker
636019398,Bulk Carrier
636019401,Bulk Carrier
636019407,Container Ship
636019409,Cargo
636019410,Cargo
636019428,General Cargo
636019434,Container Ship
636019441,Cargo
636019442,Cargo
636019478,Bulk Carrier
636019493,Container Ship
636019498,Cargo
636019499,Cargo
636019507,Cargo
636019510,Cargo
636019511,Cargo
636019533,Bulk Carrier
636019542,Cargo
636019543,Cargo
636019544,Tanker
636019545,Tanker
636019555,Cargo
636019560,Cargo
636019564,Tanker
636019567,Cargo
636019577,Tanker
636019590,Bulk Carrier
636019591,Cargo
636019594,Cargo
636019615,Bulk Carrier
636019617,Container Ship
636019621,Bulk Carrier
636019628,Crude Oil Tanker
636019630,Cargo
636019631,Cargo
636019638,Tanker
636019646,Bulk Carrier
636019649,Tanker
636019653,Bulk Carrier
636019659,Cargo
636019668,Bulk Carrier
636019669,Tanker
636019670,Bulk Carrier
636019682,Bulk Carrier
636019684,Cargo
636019700,Cargo A
636019701,Tanker
636019706,Bulk Carrier
636019713,Crude Oil Tanker
636019718,Container Ship
636019728,Bulk Carrier
636019750,Lng Tanker
636019753,Cargo
636019756,Cargo
636019759,Container Ship
636019760,Container Ship
636019762,General Cargo
636019763,Tanker
636019764,Tanker
636019770,Container Ship
636019792,Cargo
636019797,Cargo
636019806,Tanker
636019815,Cargo
636019821,Cargo A
636019823,Cargo
636019827,Cargo
636019829,Cargo
636019831,Crude Oil Tanker
636019834,Bulk Carrier
636019840,Cargo
636019842,Tanker
636019843,Tanker
636019847,Cargo
636019861,Container Ship
636019863,Container Ship
636019887,General Cargo
636019893,Cargo A
636019894,Cargo D
636019895,Cargo D
636019900,Cargo D
636019913,Crude Oil Tanker
636019915,Cargo
636019926,Tanker
636019952,Cargo
636019962,Tanker
636019967,Cargo
636019974,Cargo
636019982,Cargo A
636019983,Cargo C
636019984,Cargo A
636019985,Cargo A
636019986,Cargo A
636019987,Tanker
636019997,Cargo
636020003,Other Type
636020010,Cargo
636020019,Cargo
636020021,Oil/Chemical Tanker
636020061,Oil Products Tanker
636020081,Tanker
636020082,Oil/Chemical Tanker
636020111,Bulk Carrier
636020118,Tanker
636020121,Tanker D
636020131,Crude Oil Tanker
636020132,Bulk Carrier
636020139,Cargo
636020143,Crude Oil Tanker
636020155,Bulk Carrier
636020165,Cargo
636020180,Bulk Carrier
636020186,Oil/Chemical Tanker
636020189,Bulk Carrier
636020198,Container Ship
636020205,Cargo
636020206,General Cargo
636020213,Cargo
636020215,Container Ship
636020216,Bulk Carrier
636020221,Cargo
636020224,Crude Oil Tanker
636020228,Bulk Carrier
636020234,Bulk Carrier
636020235,Cargo
636020242,Tanker
636020244,Cargo
636020245,Vehicles Carrier
636020247,Bulk Carrier
636020249,Tanker
636020250,Tanker
636020251,Bulk Carrier
636020252,Container Ship
636020253,Bulk Carrier
636020254,Cargo A
636020255,Bulk Carrier
636020261,Bulk Carrier
636020265,Container Ship
636020266,Container Ship
636020273,Bulk Carrier
636020282,Cargo
636020288,Cargo
636020295,Cargo
636020298,Tanker
636020299,Cargo
636020317,Bulk Carrier
636020326,Container Ship
636020327,Container Ship
636020330,Cargo
636020334,Container Ship
636020339,Cargo
636020348,Container Ship
636020351,Container Ship
636020364,Tanker
636020369,Crude Oil Tanker
636020376,Tanker
636020377,Tanker
636020382,Bulk Carrier
636020393,Tanker
636020396,Bulk Carrier
636020397,Bulk Carrier
636020413,Tanker
636020414,Cargo
636020417,Cargo
636020418,Bulk Carrier
636020423,Tanker
636020426,Tanker B
636020433,Cargo
636020434,Tanker
636020436,Cargo
636020437,Container Ship
636020440,Container Ship
636020446,Tanker
636020447,Bulk Carrier
636020448,Cargo
636020453,Tanker
636020456,Cargo
636020460,Bulk Carrier
636020462,Cargo
636020463,Bulk Carrier
636020477,Bulk Carrier
636020478,Bulk Carrier
636020479,Cargo
636020483,Container Ship
636020484,Bulk Carrier
636020486,Cargo
636020495,Container Ship
636020497,Container Ship
636020498,Container Ship
636020500,Container Ship
636020503,Tanker
636020518,Bulk Carrier
636020519,Bulk Carrier
636020520,Ore Carrier
636020524,Container Ship
636020531,Cargo
636020538,Cargo
636020542,Cargo D
636020543,Cargo A
636020551,Tanker B
636020554,Crude Oil Tanker
636020559,Crude Oil Tanker
636020563,Bulk Carrier
636020565,Bulk Carrier
636020569,Tanker
636020579,Bulk Carrier
636020583,Container Ship
636020584,Cargo
636020589,Cargo
636020590,Bulk Carrier
636020592,Bulk Carrier
636020594,Cargo
636020597,Cargo
636020598,Cargo A
636020599,Cargo
636020600,Cargo
636020601,Cargo
636020610,Container Ship
636020612,Crude Oil Tanker
636020656,Cargo
636020659,Container Ship
636020673,Cargo
636020676,Cargo
636020684,Cargo D
636020685,Bulk Carrier
636020688,Bulk Carrier
636020696,Cargo
636020697,Cargo
636020715,Tanker B
636020717,Tanker
636020718,Not available
636020720,Bulk Carrier
636020721,Bulk Carrier
636020723,Bulk Carrier
636020728,Container Ship
636020729,Container Ship
636020735,Bulk Carrier
636020749,Bulk Carrier
636020754,Tanker
636020759,Cargo
636020761,Tanker
636020765,Bulk Carrier
636020768,Cargo
636020771,Crude Oil Tanker
636020773,Container Ship
636020776,Container Ship
636020783,Cargo
636020785,Cargo
636020790,Cargo
636020792,Cargo
636020793,Cargo
636020794,Cargo
636020799,Lpg Tanker
636020809,Cargo
636020815,Crude Oil Tanker
636020816,Tanker
636020823,Tanker
636020824,Cargo D
636020825,Cargo
636020828,Cargo
636020830,Cargo
636020832,Tanker
636020833,Tanker
636020834,Tanker
636020835,Crude Oil Tanker
636020836,Bulk Carrier
636020837,Bulk Carrier
636020839,Tanker
636020848,Bulk Carrier
636020854,Bulk Carrier
636020858,Cargo
636020861,Tanker
636020867,General Cargo
636020879,Cargo
636020880,Tanker
636020881,Tanker
636020884,Bulk Carrier
636020886,Container Ship
636020891,Tanker
636020892,Tanker
636020898,Container Ship
636020905,Vehicles Carrier
636020906,Bulk Carrier
636020920,Tanker
636020927,Tanker
636020928,Cargo
636020935,Bulk Carrier
636020945,Bulk Carrier
636020965,Bulk Carrier
636020966,Cargo
636020969,Cargo
636020973,Cargo
636020976,Reserved for future use
636020977,Bulk Carrier
636020978,Container Ship
636020980,Oil Products Tanker
636020987,Tanker
636020988,Bulk Carrier
636020990,Container Ship
636020992,Container Ship
636020995,Tanker
636021000,Bulk Carrier
636021002,Cargo
636021003,Bulk Carrier
636021005,Container Ship
636021014,Tanker
636021018,Cargo
636021022,Tanker
636021027,Tanker
636021030,Tanker
636021031,Container Ship
636021032,Crude Oil Tanker
636021037,Tanker
636021039,Crude Oil Tanker
636021045,Bulk Carrier
636021047,Tanker
636021051,Oil/Chemical Tanker
636021063,Bulk Carrier
636021065,Bulk Carrier
636021066,Tanker
636021071,Cargo
636021089,Tanker
636021090,Tanker
636021117,Bulk Carrier
636021126,Bulk Carrier
636021130,Cargo
636021131,Cargo
636021133,Cargo
636021138,Oil/Chemical Tanker
636021139,Container Ship
636021148,Other Type
636021150,Container Ship
636021151,Container Ship
636021156,Tanker
636021162,Tanker D
636021163,Tanker
636021167,Oil Products Tanker
636021169,Oil/Chemical Tanker
636021176,Tanker
636021177,Cargo
636021192,Bulk Carrier
636021210,Cargo
636021213,Crude Oil Tanker
636021214,Cargo
636021215,Cargo
636021216,Cargo
636021217,Bulk Carrier
636021224,Bulk Carrier
636021227,Bulk Carrier
636021228,Tanker
636021234,Container Ship
636021236,Cargo
636021237,Cargo
636021239,Cargo
636021240,Cargo
636021241,Bulk Carrier
636021244,Cargo D
636021257,Bulk Carrier
636021265,Cargo
636021266,Cargo
636021270,Bulk Carrier
636021272,Cargo
636021280,Cargo
636021290,Bulk Carrier
636021297,Crude Oil Tanker
636021300,Bulk Carrier
636021304,Bulk Carrier
636021306,Container Ship
636021317,Cargo
636021321,Container Ship
636021323,Container Ship
636021324,Tanker
636021325,Tanker
636021331,Cargo
636021337,Cargo A
636021338,Cargo A
636021339,Cargo A
636021347,Tanker
636021348,Bulk Carrier
636021349,Ore Carrier
636021351,Cargo
636021352,Cargo
636021358,Tanker
636021369,Cargo
636021370,Cargo
636021371,Cargo
636021372,Cargo
636021375,Cargo
636021376,Cargo
636021377,Cargo
636021379,Cargo
636021383,Tanker
636021399,Cargo
636021400,Container Ship
636021408,Container Ship
636021412,General Cargo
636021424,Not available
636021429,General Cargo
636021430,General Cargo
636021431,General Cargo
636021433,General Cargo
636021448,Container Ship
636021454,Cargo
636021456,Cargo
636021457,Cargo
636021460,Tanker
636021465,General Cargo
636021469,Cargo
636021470,Cargo A
636021473,Tanker
636021474,Tanker
636021481,Tanker
636021483,Crude Oil Tanker
636021487,Cargo
636021488,Cargo
636021491,Tanker
636021496,Tanker
636021497,Tanker
636021498,Tanker
636021499,Tanker
636021505,Bulk Carrier
636021507,Cargo
636021509,Oil/Chemical Tanker
636021513,Cargo
636021514,Tanker
636021523,Cargo
636021532,Bulk Carrier
636021534,Tanker
636021535,Tanker
636021536,Cargo
636021537,Cargo
636021539,Cargo
636021540,Cargo
636021544,Tanker
636021545,Tanker
636021546,Tanker
636021561,Tanker
636021563,Cargo
636021574,Tanker
636021578,Cargo D
636021582,Tanker
636021587,Bulk Carrier
636021595,Cargo D
636021597,Container Ship
636021602,Cargo
636021614,Container Ship
636021618,Bulk Carrier
636021623,Cargo
636021626,Cargo
636021627,Tanker
636021631,Cargo
636021637,Oil/Chemical Tanker
636021642,Cargo
636021643,Bulk Carrier
636021644,Bulk Carrier
636021645,Bulk Carrier
636021646,Cargo
636021647,Bulk Carrier
636021650,Bulk Carrier
636021651,Bulk Carrier
636021660,Bulk Carrier
636021661,Bulk Carrier
636021663,Cargo A
636021665,Cargo D
636021666,Cargo D
636021667,Cargo D
636021670,Tanker
636021671,Cargo
636021672,Cargo
636021674,Bulk Carrier
636021680,General Cargo
636021689,Oil/Chemical Tanker
636021690,Cargo A
636021693,Cargo A
636021702,Tanker
636021709,Bulk Carrier
636021711,Bulk Carrier
636021712,Tanker
636021720,Bulk Carrier
636021722,General Cargo
636021730,Tanker
636021733,Crude Oil Tanker
636021735,Crude Oil Tanker
636021736,Container Ship
636021737,Bulk Carrier
636021741,Cargo
636021766,Bulk Carrier
636021768,Cargo A
636021770,Cargo A
636021771,Cargo A
636021775,Lpg Tanker
636021778,Bulk Carrier
636021779,Cargo
636021793,Tanker
636021805,Bulk Carrier
636021808,Bulk Carrier
636021809,Oil/Chemical Tanker
636021815,Tanker
636021816,Tanker
636021821,Tanker
636021822,Tanker
636021828,Tanker
636021829,Tanker B
636021830,Cargo
636021831,Container Ship
636021836,Bulk Carrier
636021837,Bulk Carrier
636021857,Container Ship
636021861,Tanker
636021862,Bulk Carrier
636021866,Bulk Carrier
636021867,Oil Products Tanker
636021872,Bulk Carrier
636021886,Tanker
636021887,Cargo
636021894,Oil/Chemical Tanker
636021896,Oil/Chemical Tanker
636021909,Oil/Chemical Tanker
636021910,Oil/Chemical Tanker
636021911,Oil/Chemical Tanker
636021927,Crude Oil Tanker
636021947,Bulk Carrier
636021953,Cargo
636021955,Cargo D
636021958,Bulk Carrier
636021959,Tanker
636021968,Bulk Carrier
636021970,Bulk Carrier
636021975,Bulk Carrier
636021976,Tanker
636021979,Bulk Carrier
636021988,Bulk Carrier
636021995,Cargo
636022006,Container Ship
636022008,Bulk Carrier
636022018,Cargo
636022035,Cargo
636022036,Cargo
636022037,Cargo
636022045,Bulk Carrier
636022060,Bulk Carrier
636022062,Cargo
636022070,Cargo
636022071,Oil/Chemical Tanker
636022073,Bulk Carrier
636022078,Container Ship
636022091,Cargo
636022102,Cargo A
636022103,Cargo A
636022107,Bulk Carrier
636022111,Container Ship
636022115,Cargo
636022116,Container Ship
636022117,Container Ship
636022118,Container Ship
636022126,Cargo
636022127,Cargo
636022132,Cargo
636022144,Bulk Carrier
636022145,Bulk Carrier
636022155,Bulk Carrier
636022157,Bulk Carrier
636022158,Tanker
636022159,Tanker
636022160,Tanker
636022161,Tanker
636022162,Tanker
636022164,Tanker
636022170,Cargo
636022173,Cargo
636022179,Crude Oil Tanker
636022195,Oil/Chemical Tanker
636022201,Bulk Carrier
636022203,Bulk Carrier
636022205,Bulk Carrier
636022238,Cargo
636022243,General Cargo
636022244,Bulk Carrier
636022247,Cargo
636022248,Bulk Carrier
636022249,Cargo
636022256,Bulk Carrier
636022259,Bulk Carrier
636022260,Oil/Chemical Tanker
636022282,Cargo
636022287,Cargo
636022293,Container Ship
636022294,Bulk Carrier
636022295,Bulk Carrier
636022300,Tanker
636022304,Oil/Chemical Tanker
636022306,Bulk Carrier
636022308,Bulk Carrier
636022331,Cargo
636022332,Cargo
636022333,Cargo
636022334,Cargo
636022335,Cargo
636022337,General Cargo
636022342,Cargo
636022346,Cargo
636022349,Cargo
636022350,Cargo
636022353,Bulk Carrier
636022371,Bulk Carrier
636022375,Bulk Carrier
636022378,Crude Oil Tanker
636022404,Lng Tanker
636022412,Cargo
636022417,Bulk Carrier
636022431,Bulk Carrier
636022433,Cargo
636022434,Cargo
636022441,Cargo C
636022442,Cargo A
636022443,Cargo A
636022445,Bulk Carrier
636022446,Bulk Carrier
636022447,Cargo B
636022448,Cargo A
636022449,Cargo A
636022450,Cargo A
636022451,Cargo A
636022458,Tanker
636022482,Chemical Tanker
636022487,Tanker
636022492,Bulk Carrier
636022510,Cargo
636022516,Cargo
636022519,Bulk Carrier
636022522,Bulk Carrier
636022526,Cargo
636022528,Cargo
636022541,Oil/Chemical Tanker
636022561,Cargo
636022562,Bulk Carrier
636022566,Bulk Carrier
636022574,Bulk Carrier
636022584,Bulk Carrier
636022600,Cargo A
636022601,Cargo A
636022603,Cargo A
636022604,Cargo A
636022605,Cargo A
636022613,Bulk Carrier
636022620,Crude Oil Tanker
636022628,Cargo
636022629,Bulk Carrier
636022632,Container Ship
636022636,Container Ship
636022657,Container Ship
636022660,Container Ship
636022661,Container Ship
636022670,Tanker
636022671,Bulk Carrier
636022691,Cargo
636022692,Cargo
636022693,Cargo
636022695,Bulk Carrier
636022701,Crude Oil Tanker
636022704,Bulk Carrier
636022705,Bulk Carrier
636022718,Cargo
636022720,Cargo A
636022722,Cargo A
636022723,Cargo A
636022724,General Cargo
636022725,Cargo
636022728,Oil/Chemical Tanker
636022729,Oil/Chemical Tanker
636022741,Crude Oil Tanker
636022743,Tanker
636022749,Tanker
636022753,Vehicles Carrier
636022759,Crude Oil Tanker
636022764,Crude Oil Tanker
636022772,Cargo
636022774,Cargo
636022781,Cargo
636022786,General Cargo
636022799,Container Ship
636022815,Cargo
636022816,Cargo
636022821,Cargo
636022822,Cargo
636022823,Cargo
636022827,Tanker
636022828,Tanker
636022829,Tanker
636022840,Cargo
636022841,Vehicles Carrier
636022842,Tanker
636022843,Tanker
636022844,Tanker
636022848,Tanker
636022850,Bulk Carrier
636022854,Cargo
636022855,Cargo
636022856,Cargo
636022857,Cargo
636022858,Cargo
636022859,Cargo
636022860,Cargo
636022865,Container Ship
636022866,Oil/Chemical Tanker
636022867,Oil/Chemical Tanker
636022869,Passengers Ship
636022884,Crude Oil Tanker
636022885,Not available
636022889,Cargo A
636022905,Cargo
636022916,Bulk Carrier
636022919,Bulk Carrier
636022920,Cargo D
636022921,Cargo A
636022932,Cargo
636022933,Cargo
636022934,Cargo
636022935,Other Type
636022936,Cargo
636022937,Cargo
636022938,Bulk Carrier
636022941,Container Ship
636022951,Tanker
636022953,Cargo
636022955,Cargo
636022956,Cargo D
636022961,Bulk Carrier
636022963,Cargo A
636022968,Cargo
636022969,Cargo
636022970,Cargo
636022971,Oil Products Tanker
636022972,Crude Oil Tanker
636022979,Oil/Chemical Tanker
636022987,Tanker
636022988,Cargo
636022989,Cargo
636022995,Cargo
636022996,Cargo
636022998,Cargo
636022999,Cargo
636023001,Cargo
636023002,Cargo A
636023003,Oil/Chemical Tanker
636023004,General Cargo
636023011,Oil/Chemical Tanker
636023015,Cargo
636023021,Cargo A
636023023,Cargo D
636023025,Cargo A
636023026,Cargo
636023027,Cargo A
636023028,Cargo
636023033,Tanker
636023034,Tanker
636023046,Cargo D
636023047,Cargo B
636023057,Cargo
636023058,Container Ship
636023060,Container Ship
636023062,Container Ship
636023070,Bulk Carrier
636023082,Bulk Carrier
636023084,Cargo A
636023086,Crude Oil Tanker
636023087,Cargo A
636023092,Tanker
636023095,Tanker B
636023096,Tanker B
636023097,Bulk Carrier
636023098,Cargo
636023099,Cargo D
636023124,Tanker
636023125,Tanker
636023126,Container Ship
636023130,Cargo
636023135,General Cargo
636023137,Cargo
636023139,Bulk Carrier
636023150,Bulk Carrier
636023151,Bulk Carrier
636023157,Container Ship
636023161,Tanker
636023162,Cargo
636023165,Cargo
636023186,Cargo
636023189,Oil/Chemical Tanker
636023194,Crude Oil Tanker
636023197,Cargo
636023198,Cargo
636023199,Cargo
636023200,Cargo
636023201,Cargo
636023202,Cargo
636023203,Cargo
636023204,Cargo
636023205,Cargo
636023206,Cargo
636023207,Cargo
636023208,Cargo
636023209,Cargo
636023210,Cargo
636023212,Cargo
636023213,Container Ship
636023215,Bulk Carrier
636023216,Bulk Carrier
636023229,Bulk Carrier
636023230,Bulk Carrier
636023231,Bulk Carrier
636023232,Bulk Carrier
636023238,Oil/Chemical Tanker
636023250,Cargo D
636023265,Cargo A
636023266,Cargo D
636023268,Cargo D
636023269,Cargo
636023270,Cargo A
636023273,Container Ship
636023282,Bulk Carrier
636023284,Lng Tanker
636023288,Tanker
636023290,Cargo
636023294,Crude Oil Tanker
636023296,Bulk Carrier
636023303,Cargo
636023304,Cargo
636023310,Cargo
636023315,Cargo
636023316,Cargo B
636023318,Cargo
636023320,Cargo
636023321,Cargo
636023322,Cargo
636023325,Tanker D
636023327,Tanker
636023331,Cargo
636023332,Cargo
636023335,Bulk Carrier
636023348,Cargo
636023365,Bulk Carrier
636023373,Bulk Carrier
636023376,Cargo
636023377,Tanker
636023378,Cargo A
636023379,Cargo A
636023383,Tanker
636023384,Tanker
636023385,Tanker
636023386,Tanker
636023387,Tanker
636023397,Cargo A
636023398,Cargo A
636023409,Container Ship
636023410,Cargo
636023414,Cargo
636023423,Tanker
636023428,Tanker B
636023429,Bulk Carrier
636023440,Vehicles Carrier
636023442,Bulk Carrier
636023451,Bulk Carrier
636023453,Cargo
636023454,Cargo
636023455,Cargo
636023456,Cargo
636023459,Cargo
636023466,Bulk Carrier
636023470,Cargo
636023471,Cargo
636023474,Oil/Chemical Tanker
636023475,Tanker
636023482,Cargo
636023483,Cargo
636023488,Cargo
636023489,Cargo
636023493,Cargo
636023494,Cargo
636023498,Oil/Chemical Tanker
636023517,Cargo
636023520,Cargo
636023521,Cargo
636023522,Cargo
636023523,Cargo
636023524,Cargo
636023525,Cargo
636023526,Cargo
636023527,Cargo
636023528,Cargo
636023534,Container Ship
636023537,Cargo
636023559,Tanker
636023560,Tanker
636023562,Cargo A
636023564,Cargo A
636023582,Cargo A
636023585,Bulk Carrier
636023589,General Cargo
636023590,Cargo
636023592,Cargo
636023595,Tanker
636023600,Cargo
636023601,Bulk Carrier
636023602,Bulk Carrier
636023607,Oil/Chemical Tanker
636023616,Other Type
636023617,Anchor Handling Vessel
636023632,Cargo
636023633,Cargo
636023634,Cargo
636023635,Cargo
636023636,Cargo
636023637,Cargo
636023638,Cargo
636023642,Cargo
636023645,Cargo A
636023646,Cargo D
636023650,Cargo A
636023658,Container Ship
636023665,Cargo
636023670,Oil/Chemical Tanker
636023671,Cargo
636023679,Cargo A
636023680,Crude Oil Tanker
636023681,Tug
636023685,Bulk Carrier
636023689,Container Ship
636023691,Bulk Carrier
636023692,Oil Products Tanker
636023707,Cargo
636023720,Cargo A
636023722,Container Ship
636023724,Container Ship
636023725,General Cargo
636023726,General Cargo
636023729,Cargo
636023748,Bulk Carrier
636023749,Tanker D
636023750,Tanker D
636023751,Tanker
636023755,Tanker B
636023758,Cargo A
636023768,Bulk Carrier
636023771,Container Ship
636023772,Bulk Carrier
636023774,Cargo A
636023780,Oil/Chemical Tanker
636023784,Cargo
636023786,Cargo
636023789,Cargo
636023790,Tug
636023792,Tanker
636023793,Cargo
636023795,Lpg Tanker
636023797,General Cargo
636023798,Cargo
636023802,Cargo
636023804,Cargo
636023805,Cargo
636023806,Cargo
636023808,Cargo
636023810,Cargo
636023811,Cargo
636023812,Cargo
636023814,Cargo
636023815,Cargo
636023816,Cargo
636023817,Cargo
636023819,Cargo
636023820,Cargo
636023828,Tanker
636023837,Tanker
636023839,Cargo A
636023840,Cargo A
636023848,Tanker
636023849,Cargo
636023860,Tanker
636023861,Bulk Carrier
636023862,Bulk Carrier
636023863,Bulk Carrier
636023877,Tanker
636023878,Tanker
636023879,Tanker
636023880,Tanker
636023881,Tanker
636023882,Tanker
636023884,Bulk Carrier
636023885,Bulk Carrier
636023886,Tanker
636023888,Tanker
636023889,Tanker
636023890,Tanker
636023891,Cargo
636023892,Tanker
636023894,Tanker
636023902,Lng Tanker
636023904,Lng Tanker
636023910,Tanker
636023911,Bulk Carrier
636023916,Cargo
636023917,Cargo
636023920,Cargo
636023925,Bulk Carrier
636023935,Bulk Carrier
636023938,General Cargo
636023940,Cargo A
636023941,Cargo A
636023943,Cargo
636023954,Tanker
636023955,Tanker
636023959,Tanker
636023960,Tanker
636023962,Cargo A
636023964,Bulk Carrier
636023966,Cargo
636023970,Cargo
636023974,Cargo
636023978,Bulk Carrier
636023980,Bulk Carrier
636023983,Bulk Carrier
636023987,Cargo
636023988,Cargo
636023989,Cargo
636023990,Bulk Carrier
636023991,Cargo
636023999,Cargo
636024003,Container Ship
636024011,Not available
636024028,Crude Oil Tanker
636024035,Cargo
636024038,Cargo
636024039,Cargo
636024041,Bulk Carrier
636024048,Cargo
636024053,Oil/Chemical Tanker
636024069,Cargo
636024070,Cargo
636024071,Cargo
636024072,Cargo
636024077,Cargo
636024082,Tanker
636024095,Cargo
636024096,Cargo
636024106,Tanker
636024114,Tanker
636024115,Tanker
636024122,Tanker B
636024124,Cargo
636024126,Cargo
636024131,Cargo
636024139,Bulk Carrier
636024140,Cargo
636024141,Cargo
636024183,Oil/Chemical Tanker
636024187,Cargo A
636024192,Cargo
636024194,Cargo A
636024198,Tanker
636024217,Cargo A
636024228,Cargo
636024232,Cargo
636024233,Bulk Carrier
636024239,Bulk Carrier
636024245,Container Ship
636024250,Cargo
636024253,Cargo
636024257,Cargo
636024261,Container Ship
636024267,Other Type
636024272,Cargo A
636024279,Tanker
636024283,Bulk Carrier
636024285,Cargo
636024289,Cargo
636024293,Cargo A
636024294,Cargo B
636024300,Bulk Carrier
636024305,Bulk Carrier
636024310,Cargo
636024311,Bulk Carrier
636024313,Tanker
636024316,Cargo
636024324,Cargo
636024325,Cargo
636024326,Cargo
636024331,Bulk Carrier
636024335,Cargo
636024344,Oil/Chemical Tanker
636024345,Cargo B
636024346,Cargo A
636024347,Cargo
636024352,Bulk Carrier
636024354,Cargo A
636024355,Cargo A
636024357,Cargo
636024361,Bulk Carrier
636024362,Cargo
636024363,Cargo
636024368,Bulk Carrier
636024369,Cargo
636024380,Bulk Carrier
636024382,Bulk Carrier
636024397,Crude Oil Tanker
636024415,Container Ship
636024416,Container Ship
636024420,Cargo D
636024421,Cargo A
636024425,Cargo
636024426,Cargo
636024427,Cargo
636024434,Tanker
636024435,Cargo
636024444,Cargo
636024445,Bulk Carrier
636024446,Cargo
636024447,Cargo
636024456,Tanker
636024459,Tanker
636024467,Tanker
636024468,Tanker
636024480,Cargo
636024494,Cargo
636024495,Tug
636024497,Cargo
636024498,Bulk Carrier
636024499,Cargo
636024508,Container Ship
636024511,Cargo
636024515,Cargo A
636024521,Cargo
636024522,Cargo
636024523,Crude Oil Tanker
636024524,Container Ship
636024537,Oil/Chemical Tanker
636024546,Cargo
636024551,Tanker
636024557,Cargo
636024563,Tanker
636024572,Cargo
636024573,Cargo
636024575,Tanker
636024576,Tanker
636024579,Cargo
636024582,Container Ship
636024583,Cargo
636024586,Bulk Carrier
636024588,Container Ship
636024589,Bulk Carrier
636024592,Tanker
636024600,Bulk Carrier
636024601,Container Ship
636024603,Bulk Carrier
636024608,Bulk Carrier
636024612,Cargo A
636024624,Bulk Carrier
636024629,Cargo
636024633,Vehicles Carrier
636024635,Cargo
636024638,Heavy Load Carrier
636024640,Bulk Carrier
636024644,Cargo
636024647,Tug
636024648,Cargo
636024656,Bulk Carrier
636024658,Cargo
636024665,Cargo
636024667,Bulk Carrier
636024669,Bulk Carrier
636024670,Cargo
636024674,Tanker
636024676,Crude Oil Tanker
636024677,Tanker
636024679,Tanker
636024681,Tanker
636024682,Cargo
636024684,Bulk Carrier
636024694,Tanker
636024695,Tanker B
636024717,Cargo
636024719,Bulk Carrier
636024728,Cargo
636024729,Container Ship
636024742,Tanker
636024748,Cargo
636024754,Bulk Carrier
636024755,Bulk Carrier
636024758,Tanker
636024761,Bulk Carrier
636024773,Container Ship
636024774,Cargo A
636024781,Cargo
636024785,Tanker
636024786,Tanker
636024787,Tanker
636024788,Tanker
636024789,Tanker
636024794,Anchor Handling Vessel
636024819,Cargo
636024829,Cargo
636024837,Container Ship
636024843,Oil/Chemical Tanker
636024847,Cargo
636024848,Tanker
636024852,Tanker
636024858,Bulk Carrier
636024860,Oil/Chemical Tanker
636024870,Cargo
636024871,Tanker
636024874,Cargo
636024875,Cargo
636024881,Crude Oil Tanker
636024882,Cargo
636024883,Cargo A
636024884,Cargo A
636024885,Cargo
636024886,Cargo A
636024893,Cargo
636024894,Tanker
636024895,Cargo A
636024897,Tanker
636024899,Cargo
636024901,Cargo
636024902,Cargo
636024907,Oil/Chemical Tanker
636024912,Cargo
636024913,Bulk Carrier
636024920,Cargo
636024921,Cargo
636024923,Tanker A
636024925,Tanker
636024928,Bulk Carrier
636024933,Cargo
636024935,Crude Oil Tanker
636024940,Cargo A
636024941,Bulk Carrier
636024943,Bulk Carrier
636024944,Cargo
636024949,Container Ship
636024954,Crude Oil Tanker
636024960,Bulk Carrier
636024961,Cargo
636024963,Cargo
636024964,Cargo
636024966,Container Ship
636024967,Container Ship
636024968,Tanker
636024969,Oil Products Tanker
636024972,Tanker
636024974,Container Ship
636024977,Tanker
636024983,Tanker
636024984,Tanker
636024985,Container Ship
636024987,Cargo
636024999,Container Ship
636025011,Cargo A
636025012,Cargo C
636025015,Cargo
636025016,Container Ship
636025018,Cargo
636025020,Container Ship
636025035,Cargo
636025036,Cargo
636025039,Tanker
636025046,Crude Oil Tanker
636025047,Cargo
636025048,Bulk Carrier
636025051,Cargo
636025053,Cargo
636025054,Bulk Carrier
636025061,Container Ship
636025062,Cargo
636025065,Cargo
636025066,Bulk Carrier
636025069,Tanker
636025070,Tanker
636025072,Container Ship
636025089,Cargo
636025095,Tanker
636025098,Bulk Carrier
636025108,Cargo
636025109,Cargo
636025112,Cargo
636025115,Bulk Carrier
636025116,Tanker C
636025120,Cargo
636025125,Bulk Carrier
636025126,Cargo
636025129,Tanker
636025148,Container Ship
636025149,Container Ship
636025194,Oil Products Tanker
636025206,Bulk Carrier
636025207,Bulk Carrier
636025209,Crude Oil Tanker
636025210,Bulk Carrier
636025214,Tanker
636025216,Tanker
636025223,Cargo
636025228,Tanker
636025232,Container Ship
636025233,Cargo
636025234,Diving Support Vessel
636025236,Tanker A
636025254,General Cargo
636025255,Cargo
636025256,Tanker D
636025260,Tanker
636025265,Anchor Handling Vessel
636025266,Bulk Carrier
636025269,Container Ship
636025272,Chemical Tanker
636025279,Cargo
636025280,Cargo
636025284,Tanker C
636025287,Bulk Carrier
636025296,Container Ship
636025300,Bulk Carrier
636025301,Tanker
636025302,Bulk Carrier
636025303,Bulk Carrier
636025308,Cargo
636025309,Tanker
636025317,Oil/Chemical Tanker
636025327,Cargo
636025330,Cargo A
636025334,Oil/Chemical Tanker
636025335,Cargo
636025336,Tanker
636025338,Cargo
636025341,Oil/Chemical Tanker
636025346,Cargo
636025349,Tanker
636025351,Cargo D
636025355,Cargo
636025359,Container Ship
636025363,Cargo
636025366,Cargo
636025397,Crude Oil Tanker
636025404,Cargo
636025407,Tanker
636025408,Tanker
636025409,Cargo
636025411,Tanker
636025412,Tanker
636025420,Tanker C
636025426,General Cargo
636025447,Oil/Chemical Tanker
636025448,Cargo A
636025450,Cargo B
636025451,Cargo
636025452,Tanker
636025459,Tanker B
636025461,Cargo
636025465,Oil/Chemical Tanker
636025469,General Cargo
636025471,Tanker C
636025481,Tanker
636025495,Cargo
636025496,Bulk Carrier
636025498,Bulk Carrier
636025503,Cargo
636025506,Cargo
636025507,Cargo
636025512,Cargo A
636025514,Cargo
636025517,Oil Products Tanker
636025521,Cargo
636025522,Cargo
636025523,Cargo
636025527,Cargo
636025528,Cargo
636025543,Cargo
636025554,Cargo
636025555,Bulk Carrier
636025557,Cargo
636025559,Oil/Chemical Tanker
636025568,Bulk Carrier
636025569,General Cargo
636025571,Oil/Chemical Tanker
636025572,Oil/Chemical Tanker
636025589,Bulk Carrier
636025596,Cargo
636025607,Cargo
636025620,Tanker
636025627,Crude Oil Tanker
636025634,Cargo
636025637,Cargo
636025638,Oil Products Tanker
636025642,Crude Oil Tanker
636025644,Tanker
636025655,Cargo A
636025661,Ore Carrier
636025666,Cargo
636025668,Chemical Tanker
636025669,Bulk Carrier
636025671,Cargo
636025673,Crude Oil Tanker
636025681,Cargo
636025682,Cargo A
636025706,Bulk Carrier
636025722,Bulk Carrier
636025739,Bulk Carrier
636025754,Cargo
636025759,Crude Oil Tanker
636025772,Crude Oil Tanker
636025779,Bulk Carrier
636025787,Cargo
636025835,Bulk Carrier
636025900,Not available
636090756,Container Ship
636090856,Container Ship
636090863,Container Ship
636091031,Container Ship
636091116,Container Ship
636091189,Not available
636091197,Crude Oil Tanker
636091308,Container Ship
636091575,Container Ship
636091783,Container Ship
636091883,Container Ship
636091959,Container Ship
636092028,Bulk Carrier
636092041,Bulk Carrier
636092098,Cargo
636092140,Container Ship
636092174,Crude Oil Tanker
636092175,Tanker
636092188,Container Ship
636092247,Container Ship
636092268,Container Ship
636092666,Cargo
636092675,Bulk Carrier
636092706,Cargo
636092730,Cargo
636092744,Bulk Carrier
636092750,Bulk Carrier
636092780,Container Ship
636092783,Container Ship
636092792,Cargo D
636092798,Cargo B
636092799,Cargo B
636092819,Bulk Carrier
636092827,Container Ship
636092863,Container Ship
636092879,Cargo
636092883,Container Ship
636092896,Cargo
636092897,Cargo A
636092898,Cargo A
636092910,Container Ship
636092911,Container Ship
636092927,Container Ship
636092932,Container Ship
636092950,Bulk Carrier
636092960,Cargo
636092972,Bulk Carrier
636092974,Container Ship
636092982,General Cargo
636092985,Cargo
636092998,Container Ship
636093006,Cargo A
636093009,Cargo
636093010,Cargo A
636093026,Container Ship
636093030,Container Ship
636093041,Container Ship
636093042,Container Ship
636093045,Tanker
636093050,Cargo
636093055,Container Ship
636093060,Cargo
636093061,Cargo
636093069,Cargo A
636093092,Cargo
636093093,Container Ship
636093094,Container Ship
636093102,Cargo
636093110,General Cargo
636093114,Container Ship
636093121,Container Ship
636093128,Cargo
636093131,Container Ship
636093137,Cargo A
636093141,Oil Products Tanker
636093145,Container Ship
636093146,Container Ship
636093148,Container Ship
636093149,Container Ship
636093151,Container Ship
636093157,Cargo
636093165,Oil/Chemical Tanker
636093166,Cargo A
636093169,Cargo A
636093171,Cargo A
636093174,Container Ship
636093176,Container Ship
636093177,Container Ship
636093180,Cargo
636093181,Cargo A
636093182,Container Ship
636093186,Container Ship
636093188,Bulk Carrier
636093211,Cargo
636093214,Cargo A
636093217,Cargo
636093218,Bulk Carrier
636093220,Container Ship
636093225,Tanker
636093230,Cargo
636093237,Cargo
636093240,Cargo
636093243,Cargo
636093254,Tanker
636093256,General Cargo
636093260,Bulk Carrier
636093261,Bulk Carrier
636093282,Cargo
636093288,Cargo
636093290,Cargo
636093296,Tanker
636093298,Cargo
636093299,Cargo
636093300,Cargo
636093306,Container Ship
636093307,Container Ship
636093309,Container Ship
636093310,Cargo
636093311,Cargo
636093325,Cargo D
636093339,Cargo
636093341,Bulk Carrier
636093342,Bulk Carrier
636093343,Bulk Carrier
636093347,Cargo
636093350,Container Ship
636093355,Container Ship
636093356,Container Ship
636093358,Cargo
636093361,Container Ship
636093366,Container Ship
636093367,Container Ship
636093368,Container Ship
636093385,Cargo
636093390,Tanker
636093394,Cargo
642122014,Oil/Chemical Tanker
645482000,Cutter Suction Dredger
649110000,Crude Oil Tanker
650000110,Crude Oil Tanker
650000148,Crude Oil Tanker
650000155,Lpg Tanker
655091441,Crude Oil Tanker
655150414,Crude Oil Tanker
657990050,Crude Oil Tanker
664092000,Fishing
664288000,Oil/Chemical Tanker
664324000,Fishing
664399000,Fishing
664666000,Fishing
667001243,Crude Oil Tanker
667001267,Dredging or underwater ops
667001271,Dredging or underwater ops
667001284,Other Type
667001321,Crude Oil Tanker
667001333,Dredging or underwater ops
667001372,Crude Oil Tanker
667001451,Crude Oil Tanker
667001509,Tug
667001574,Dredging or underwater ops
667001577,Tug
667001653,Cargo
667001686,Cargo
667001762,Cargo
667001866,Cargo
667001875,Dredging or underwater ops
667001877,Dredging or underwater ops
667002039,Oil Products Tanker
667002071,Crude Oil Tanker
667002130,Not available
667002210,Oil/Chemical Tanker
667002212,Dredging or underwater ops
667002224,Other Type
667002234,Cargo
667002241,Oil Products Tanker
667002264,Oil Products Tanker
667002283,Crude Oil Tanker
667002285,Cargo
667002286,Cargo
667002305,Dredging or underwater ops
667002308,Crude Oil Tanker
667002327,Crude Oil Tanker
667002332,Dredging or underwater ops
667002336,Crude Oil Tanker
667002344,Cargo
667002346,Cargo
667002347,Cargo
667002348,Cargo A
667002349,Cargo
667002369,Crude Oil Tanker
667002380,Other Type
667002385,Cargo
667002409,Crude Oil Tanker
667002418,Cargo
667002455,Oil/Chemical Tanker
667002457,Dredging or underwater ops
667002461,Cargo
667002464,Tanker
667002467,Lpg Tanker
667002485,Tanker
667002488,Tanker
667002491,Crude Oil Tanker
667002500,Bulk Carrier
667002507,Tanker
667012345,Not available
667020300,Tanker
668116202,Tanker C
668116241,Cargo
668116242,Oil Products Tanker
668116249,Bulk Carrier
668116252,Tanker
668116257,Tanker
668116261,Bulk Carrier
668116265,Cargo
668116289,Cargo
668116333,Crude Oil Tanker
668116338,Oil Products Tanker
668116346,Cargo
668116360,Oil Products Tanker
668116368,Cargo
668116375,Crude Oil Tanker
671387100,Dredging or underwater ops
671554100,Oil Products Tanker
677011500,Cargo
677013800,Cargo
677024000,Tanker
677024100,Cargo
677025200,General Cargo
677026500,Passengers Ship
677027000,Tanker
677032800,Cargo
677033000,Cargo
677034368,NOT_FOUND
677034400,General Cargo
677035600,Cargo
677037300,Cargo
677040500,Cargo
677043600,Tanker
677057200,Cargo
677057800,Cargo
677061199,Cargo
677064400,Tug
677066200,Cargo
677066300,Crude Oil Tanker
677066500,Tanker
677068300,Crude Oil Tanker
677071900,Tanker
677073900,General Cargo
677079100,Cargo
677080500,Tanker
677081700,General Cargo
677085000,Tanker
677100200,Crude Oil Tanker
710016250,Tanker
710023030,Tanker
710023040,Tanker
710024830,Tanker
710025780,Tanker
710029870,Tanker
710032130,Tanker
710033180,Tanker
710033330,Tanker
710234000,Crude Oil Tanker
710239000,Tanker
720002000,Cargo
750013000,Crude Oil Tanker
750094000,Crude Oil Tanker
750099000,Crude Oil Tanker
750111000,Crude Oil Tanker
750126000,Lpg Tanker
750307000,Crude Oil Tanker
750308000,Crude Oil Tanker
750330000,Crude Oil Tanker
750339000,Crude Oil Tanker
750343000,Tanker
750348000,Crude Oil Tanker
750399000,Lpg Tanker
750766000,Crude Oil Tanker
750777000,Crude Oil Tanker
750788000,Crude Oil Tanker
750799000,Container Ship
750811000,Crude Oil Tanker
750982000,Crude Oil Tanker
987109000,Crude Oil Tanker
987999955,NOT_FOUND
995250001,Navigation Aid
995251280,NOT_FOUND
995251281,Navigation Aid
995256002,Navigation Aid
995256003,Navigation Aid
995331012,Navigation Aid
995331013,Navigation Aid
995331016,Navigation Aid
995331019,Navigation Aid
995331242,Navigation Aid
995331245,Navigation Aid
995331246,Navigation Aid
995331247,Navigation Aid
995331250,Navigation Aid
995331251,Navigation Aid
995331252,Navigation Aid
995331254,Navigation Aid
995331255,Navigation Aid
995331256,Navigation Aid
995331258,Navigation Aid
995331259,Navigation Aid
995331260,Navigation Aid
995331261,Navigation Aid
995331369,Navigation Aid
995331370,Navigation Aid
995331440,Navigation Aid
995563006,Navigation Aid
995631005,Navigation Aid
995631009,Navigation Aid
995631013,Navigation Aid
995636000,Navigation Aid
995636001,Navigation Aid
995636002,Navigation Aid
995636003,Navigation Aid
995636004,Navigation Aid
995636005,Navigation Aid
995636006,Navigation Aid
